Date,spatial_ref,Mean_Rainfall_mm
01/01/1997,0,0
02/01/1997,0,0
03/01/1997,0,0
04/01/1997,0,0
05/01/1997,0,0
06/01/1997,0,0
07/01/1997,0,0
08/01/1997,0,0
09/01/1997,0,0
10/01/1997,0,0
11/01/1997,0,0
12/01/1997,0,4.204375880459945
13/01/1997,0,0.27492659432547434
14/01/1997,0,3.793415750066439
15/01/1997,0,2.4498613175182116
16/01/1997,0,0.7740851186570668
17/01/1997,0,0
18/01/1997,0,0
19/01/1997,0,0
20/01/1997,0,0.052991152
21/01/1997,0,0
22/01/1997,0,0
23/01/1997,0,0
24/01/1997,0,0
25/01/1997,0,0
26/01/1997,0,0
27/01/1997,0,0
28/01/1997,0,0
29/01/1997,0,0
30/01/1997,0,0
31/01/1997,0,0
01/02/1997,0,0
02/02/1997,0,0
03/02/1997,0,0
04/02/1997,0,0
05/02/1997,0,0
06/02/1997,0,0
07/02/1997,0,0
08/02/1997,0,0
09/02/1997,0,0
10/02/1997,0,0
11/02/1997,0,0
12/02/1997,0,0
13/02/1997,0,0
14/02/1997,0,0
15/02/1997,0,0
16/02/1997,0,0
17/02/1997,0,0
18/02/1997,0,0
19/02/1997,0,0
20/02/1997,0,0
21/02/1997,0,0
22/02/1997,0,0
23/02/1997,0,0
24/02/1997,0,0
25/02/1997,0,0
26/02/1997,0,0
27/02/1997,0,0
28/02/1997,0,0
01/03/1997,0,0
02/03/1997,0,0
03/03/1997,0,0
04/03/1997,0,0
05/03/1997,0,0
06/03/1997,0,0
07/03/1997,0,0
08/03/1997,0,0
09/03/1997,0,0
10/03/1997,0,0
11/03/1997,0,0
12/03/1997,0,0
13/03/1997,0,0
14/03/1997,0,0
15/03/1997,0,0
16/03/1997,0,0
17/03/1997,0,0
18/03/1997,0,0
19/03/1997,0,0
20/03/1997,0,0
21/03/1997,0,0
22/03/1997,0,0
23/03/1997,0,0
24/03/1997,0,0.040081598928996494
25/03/1997,0,0.40459275458540234
26/03/1997,0,0.33596161007881165
27/03/1997,0,0
28/03/1997,0,0
29/03/1997,0,0
30/03/1997,0,0.6790868781861805
31/03/1997,0,0
01/04/1997,0,0
02/04/1997,0,4.7332111937659125
03/04/1997,0,29.186200709570024
04/04/1997,0,40.25486717337654
05/04/1997,0,2.7629950841267905
06/04/1997,0,0.13337510292019164
07/04/1997,0,0
08/04/1997,0,0
09/04/1997,0,0
10/04/1997,0,0
11/04/1997,0,0
12/04/1997,0,0
13/04/1997,0,0
14/04/1997,0,0
15/04/1997,0,0.4275475009566262
16/04/1997,0,0.5684885347173327
17/04/1997,0,1.9241711788234257
18/04/1997,0,0
19/04/1997,0,5.590856308028812
20/04/1997,0,3.304039018494742
21/04/1997,0,0
22/04/1997,0,0
23/04/1997,0,0.21180986577556246
24/04/1997,0,0
25/04/1997,0,0.8002485349064782
26/04/1997,0,0.2308708897658757
27/04/1997,0,0
28/04/1997,0,4.4553196628888445
29/04/1997,0,0
30/04/1997,0,0
01/05/1997,0,0
02/05/1997,0,0.057277494
03/05/1997,0,0.1420159637928009
04/05/1997,0,0.031612308
05/05/1997,0,0.5454965184132258
06/05/1997,0,0.032527369
07/05/1997,0,1.0316146346075195
08/05/1997,0,0
09/05/1997,0,0.073263525
10/05/1997,0,0
11/05/1997,0,0
12/05/1997,0,0
13/05/1997,0,0
14/05/1997,0,0
15/05/1997,0,0
16/05/1997,0,0
17/05/1997,0,0
18/05/1997,0,0
19/05/1997,0,0
20/05/1997,0,0
21/05/1997,0,0
22/05/1997,0,0
23/05/1997,0,0
24/05/1997,0,0
25/05/1997,0,0
26/05/1997,0,0
27/05/1997,0,0
28/05/1997,0,0
29/05/1997,0,0
30/05/1997,0,0
31/05/1997,0,0
01/06/1997,0,0
02/06/1997,0,0
03/06/1997,0,0
04/06/1997,0,0
05/06/1997,0,0
06/06/1997,0,0
07/06/1997,0,0
08/06/1997,0,0
09/06/1997,0,0.27604256180070696
10/06/1997,0,0
11/06/1997,0,0.5617824494838715
12/06/1997,0,3.252558163234166
13/06/1997,0,7.2541282176971436
14/06/1997,0,10.18679478835492
15/06/1997,0,3.487796181724185
16/06/1997,0,2.344451734707469
17/06/1997,0,4.547134933017549
18/06/1997,0,16.347317536671955
19/06/1997,0,2.616132526
20/06/1997,0,3.4112042727924528
21/06/1997,0,2.7553417129176005
22/06/1997,0,3.025249093770981
23/06/1997,0,2.3144840676160086
24/06/1997,0,1.664859502088456
25/06/1997,0,5.435643422461691
26/06/1997,0,0.8376954432044711
27/06/1997,0,3.542025846030031
28/06/1997,0,4.874812468886375
29/06/1997,0,18.157928103492374
30/06/1997,0,3.5374232672509693
01/07/1997,0,2.721997142547653
02/07/1997,0,1.644898147100494
03/07/1997,0,17.85202089377812
04/07/1997,0,2.0812226846104576
05/07/1997,0,2.0986329168081284
06/07/1997,0,5.280259672374952
07/07/1997,0,7.224689963318053
08/07/1997,0,3.2695973969641186
09/07/1997,0,7.108445090906961
10/07/1997,0,2.8959649886403764
11/07/1997,0,1.8714165361154647
12/07/1997,0,2.1653400631177995
13/07/1997,0,0.097734582
14/07/1997,0,0
15/07/1997,0,4.7101202096257895
16/07/1997,0,0.13359060741606213
17/07/1997,0,13.277384939647856
18/07/1997,0,5.1634466499090195
19/07/1997,0,8.731440355380377
20/07/1997,0,17.930727845146542
21/07/1997,0,45.09891055879139
22/07/1997,0,29.75092924208868
23/07/1997,0,39.369757334391274
24/07/1997,0,33.86672793
25/07/1997,0,21.707064515068417
26/07/1997,0,1.9678917243367149
27/07/1997,0,8.795822544466882
28/07/1997,0,17.041024462807748
29/07/1997,0,60.58460185641334
30/07/1997,0,65.07207852318173
31/07/1997,0,65.15163422
01/08/1997,0,37.104366347903294
02/08/1997,0,10.054625431696573
03/08/1997,0,1.724198471222605
04/08/1997,0,6.514544986543202
05/08/1997,0,16.07715190024603
06/08/1997,0,4.474584144850572
07/08/1997,0,1.2521243833360218
08/08/1997,0,0
09/08/1997,0,2.682433328458241
10/08/1997,0,0.21734482191857837
11/08/1997,0,7.973473282087417
12/08/1997,0,8.319208543925058
13/08/1997,0,17.98444321
14/08/1997,0,11.567668043786572
15/08/1997,0,4.665042415261269
16/08/1997,0,0.5569212394101279
17/08/1997,0,7.7081718391605785
18/08/1997,0,13.168846221197219
19/08/1997,0,24.13072072891962
20/08/1997,0,30.852854842231388
21/08/1997,0,54.723922366187686
22/08/1997,0,85.43622989
23/08/1997,0,20.880667890821183
24/08/1997,0,8.183258221262978
25/08/1997,0,1.1636329034254664
26/08/1997,0,0.3297888267607916
27/08/1997,0,2.5983652664082393
28/08/1997,0,39.88103812081473
29/08/1997,0,50.43429202125186
30/08/1997,0,2.3444104535239085
31/08/1997,0,0.9289990699007398
01/09/1997,0,4.858236690362294
02/09/1997,0,0.3189291400568826
03/09/1997,0,1.1383621632343246
04/09/1997,0,3.2717294501406804
05/09/1997,0,5.937217441343126
06/09/1997,0,9.308274495
07/09/1997,0,7.424739918538502
08/09/1997,0,6.848629308598382
09/09/1997,0,10.550609707832336
10/09/1997,0,6.127435149181457
11/09/1997,0,11.88323627625193
12/09/1997,0,11.65118900934855
13/09/1997,0,0.6840434134716079
14/09/1997,0,4.453234048116775
15/09/1997,0,3.618654021195003
16/09/1997,0,13.076822666894822
17/09/1997,0,6.176799955467383
18/09/1997,0,3.385450549068905
19/09/1997,0,2.184701140437807
20/09/1997,0,5.515413418412209
21/09/1997,0,2.4861916775504747
22/09/1997,0,3.687396925120127
23/09/1997,0,2.859126689888182
24/09/1997,0,0.18505618685767763
25/09/1997,0,4.903839024049895
26/09/1997,0,0
27/09/1997,0,1.7417665209089006
28/09/1997,0,0.05505249
29/09/1997,0,12.51579963593256
30/09/1997,0,1.268092815
01/10/1997,0,0
02/10/1997,0,0
03/10/1997,0,0
04/10/1997,0,0.043775303
05/10/1997,0,0
06/10/1997,0,0
07/10/1997,0,0
08/10/1997,0,0
09/10/1997,0,0
10/10/1997,0,0
11/10/1997,0,0
12/10/1997,0,0
13/10/1997,0,0.018431706
14/10/1997,0,0
15/10/1997,0,0.12957471041452318
16/10/1997,0,0
17/10/1997,0,0
18/10/1997,0,0
19/10/1997,0,0
20/10/1997,0,0
21/10/1997,0,0.030235038
22/10/1997,0,1.5483700803347997
23/10/1997,0,9.944440467017037
24/10/1997,0,0.6568285241013482
25/10/1997,0,0
26/10/1997,0,0
27/10/1997,0,0
28/10/1997,0,2.353815806053934
29/10/1997,0,2.8511973665583703
30/10/1997,0,0.025992315439950852
31/10/1997,0,0
01/11/1997,0,0.072351911
02/11/1997,0,0
03/11/1997,0,0.088795529
04/11/1997,0,0
05/11/1997,0,0
06/11/1997,0,0
07/11/1997,0,0
08/11/1997,0,0
09/11/1997,0,0
10/11/1997,0,0
11/11/1997,0,0
12/11/1997,0,0.052619567939213345
13/11/1997,0,0
14/11/1997,0,0
15/11/1997,0,0.066948269
16/11/1997,0,0
17/11/1997,0,0
18/11/1997,0,0.7977394376482282
19/11/1997,0,0.6182772595257986
20/11/1997,0,3.5030726137615384
21/11/1997,0,0.080756159
22/11/1997,0,0.004914349
23/11/1997,0,0
24/11/1997,0,0.20428563228675298
25/11/1997,0,0
26/11/1997,0,0.1611474355061849
27/11/1997,0,5.282316481783276
28/11/1997,0,5.150215958
29/11/1997,0,0.6112477112384069
30/11/1997,0,0.38793386341560454
01/12/1997,0,1.5302064745199113
02/12/1997,0,7.483877803598132
03/12/1997,0,0
04/12/1997,0,0.5488358931172461
05/12/1997,0,3.5571647995994207
06/12/1997,0,0
07/12/1997,0,0
08/12/1997,0,0.03527421
09/12/1997,0,1.6246944736866724
10/12/1997,0,2.583333886805035
11/12/1997,0,0
12/12/1997,0,0
13/12/1997,0,0.050643688156491236
14/12/1997,0,12.721929550170898
15/12/1997,0,0
16/12/1997,0,0
17/12/1997,0,0.33393617329143344
18/12/1997,0,1.1872745021468116
19/12/1997,0,0
20/12/1997,0,0
21/12/1997,0,0
22/12/1997,0,0
23/12/1997,0,0
24/12/1997,0,2.3065394170227504
25/12/1997,0,0.5304787758560408
26/12/1997,0,4.398729647908892
27/12/1997,0,0.2351633934747605
28/12/1997,0,0.097200868
29/12/1997,0,0.075252287
30/12/1997,0,0.087794329
31/12/1997,0,0.184995208
01/01/1998,0,0
02/01/1998,0,0
03/01/1998,0,0.012950969593865531
04/01/1998,0,0
05/01/1998,0,0
06/01/1998,0,0
07/01/1998,0,0.030384969143640427
08/01/1998,0,0
09/01/1998,0,0
10/01/1998,0,0
11/01/1998,0,0
12/01/1998,0,0
13/01/1998,0,0
14/01/1998,0,0
15/01/1998,0,0
16/01/1998,0,0
17/01/1998,0,0
18/01/1998,0,0.9253024827866327
19/01/1998,0,0
20/01/1998,0,0
21/01/1998,0,0.807009475
22/01/1998,0,0
23/01/1998,0,0
24/01/1998,0,0
25/01/1998,0,0.098593393
26/01/1998,0,1.0311225709461032
27/01/1998,0,0.4765347299121675
28/01/1998,0,0.23415928511392503
29/01/1998,0,0.4663784035614559
30/01/1998,0,0.2682036147231147
31/01/1998,0,0
01/02/1998,0,0
02/02/1998,0,0
03/02/1998,0,0.9272221220391137
04/02/1998,0,0
05/02/1998,0,0.1313378910223643
06/02/1998,0,1.5787425186662447
07/02/1998,0,10.752093701135545
08/02/1998,0,0.26291572479974656
09/02/1998,0,0
10/02/1998,0,0
11/02/1998,0,0
12/02/1998,0,0
13/02/1998,0,0
14/02/1998,0,0
15/02/1998,0,0
16/02/1998,0,0
17/02/1998,0,0
18/02/1998,0,0
19/02/1998,0,0
20/02/1998,0,0
21/02/1998,0,0
22/02/1998,0,0
23/02/1998,0,0
24/02/1998,0,0
25/02/1998,0,0.009829528
26/02/1998,0,0
27/02/1998,0,0
28/02/1998,0,0
01/03/1998,0,0
02/03/1998,0,0
03/03/1998,0,0.4375149377045177
04/03/1998,0,0
05/03/1998,0,0
06/03/1998,0,0
07/03/1998,0,0
08/03/1998,0,0
09/03/1998,0,0
10/03/1998,0,0
11/03/1998,0,0
12/03/1998,0,2.0189285477002463
13/03/1998,0,0
14/03/1998,0,0
15/03/1998,0,0.005382811
16/03/1998,0,0.062913421
17/03/1998,0,0.20241134791147142
18/03/1998,0,0.8462599232083275
19/03/1998,0,0
20/03/1998,0,0
21/03/1998,0,0
22/03/1998,0,0
23/03/1998,0,0
24/03/1998,0,0
25/03/1998,0,0
26/03/1998,0,0
27/03/1998,0,0
28/03/1998,0,0
29/03/1998,0,0
30/03/1998,0,0.43986319927942186
31/03/1998,0,0
01/04/1998,0,0
02/04/1998,0,0
03/04/1998,0,0
04/04/1998,0,0.5428632270722162
05/04/1998,0,0
06/04/1998,0,0
07/04/1998,0,0
08/04/1998,0,0
09/04/1998,0,0.012950969593865531
10/04/1998,0,0
11/04/1998,0,0
12/04/1998,0,0
13/04/1998,0,0
14/04/1998,0,0
15/04/1998,0,0
16/04/1998,0,0
17/04/1998,0,0
18/04/1998,0,0
19/04/1998,0,0
20/04/1998,0,0
21/04/1998,0,0
22/04/1998,0,0
23/04/1998,0,0
24/04/1998,0,0
25/04/1998,0,0.194825285
26/04/1998,0,0
27/04/1998,0,0
28/04/1998,0,0
29/04/1998,0,1.3863431626842135
30/04/1998,0,0
01/05/1998,0,0.022415141264597576
02/05/1998,0,3.3425307103565762
03/05/1998,0,0
04/05/1998,0,0.5180572072664896
05/05/1998,0,0
06/05/1998,0,0.3152109043938773
07/05/1998,0,0
08/05/1998,0,0
09/05/1998,0,0
10/05/1998,0,0
11/05/1998,0,0
12/05/1998,0,0
13/05/1998,0,0
14/05/1998,0,0
15/05/1998,0,0
16/05/1998,0,0
17/05/1998,0,0
18/05/1998,0,0
19/05/1998,0,0
20/05/1998,0,0
21/05/1998,0,0
22/05/1998,0,0
23/05/1998,0,0
24/05/1998,0,0
25/05/1998,0,0
26/05/1998,0,0
27/05/1998,0,0
28/05/1998,0,0
29/05/1998,0,0
30/05/1998,0,0
31/05/1998,0,0
01/06/1998,0,0.4195475918906076
02/06/1998,0,0
03/06/1998,0,0.007200006
04/06/1998,0,0.008070008
05/06/1998,0,0.009684011
06/06/1998,0,2.8402128531819297
07/06/1998,0,0
08/06/1998,0,0
09/06/1998,0,0.062884328
10/06/1998,0,0
11/06/1998,0,0
12/06/1998,0,0
13/06/1998,0,8.809187073083152
14/06/1998,0,15.31096496184667
15/06/1998,0,8.981015375682286
16/06/1998,0,3.785591261727469
17/06/1998,0,0.014291552
18/06/1998,0,0.5488789287351427
19/06/1998,0,3.435025685599872
20/06/1998,0,4.8886850873629255
21/06/1998,0,3.318192638811611
22/06/1998,0,0.31200097288404194
23/06/1998,0,6.939452273505075
24/06/1998,0,15.88937156541007
25/06/1998,0,2.507580416543143
26/06/1998,0,1.2368548654374623
27/06/1998,0,5.600698681104751
28/06/1998,0,29.902640606675828
29/06/1998,0,16.927456768495695
30/06/1998,0,2.763610546078001
01/07/1998,0,4.985285855474926
02/07/1998,0,1.6896064338229952
03/07/1998,0,5.267196072708993
04/07/1998,0,12.685529232025146
05/07/1998,0,27.007487024579728
06/07/1998,0,7.531044026215871
07/07/1998,0,17.065149329957507
08/07/1998,0,8.769602752867199
09/07/1998,0,31.456476598268463
10/07/1998,0,49.42272031874884
11/07/1998,0,15.202506814684186
12/07/1998,0,6.926547760055179
13/07/1998,0,4.506114795094445
14/07/1998,0,10.022846420605978
15/07/1998,0,5.014983316262563
16/07/1998,0,17.002391389438085
17/07/1998,0,1.7530019794191634
18/07/1998,0,5.904588487176668
19/07/1998,0,9.574157641047524
20/07/1998,0,13.98886251449585
21/07/1998,0,0.5902799169222513
22/07/1998,0,0
23/07/1998,0,1.3710657812300182
24/07/1998,0,3.4906117163953327
25/07/1998,0,12.749199173280171
26/07/1998,0,2.022597701067016
27/07/1998,0,20.59933964979081
28/07/1998,0,11.210353260948544
29/07/1998,0,3.1019928462448574
30/07/1998,0,7.249519839173272
31/07/1998,0,5.781739371163504
01/08/1998,0,2.3403585766042982
02/08/1998,0,5.054244093242145
03/08/1998,0,22.78444258371989
04/08/1998,0,17.221006109600975
05/08/1998,0,10.794037648609706
06/08/1998,0,1.9967687662158693
07/08/1998,0,3.3133565045538402
08/08/1998,0,7.853650415227527
09/08/1998,0,11.020325223604837
10/08/1998,0,5.543811668952306
11/08/1998,0,14.786761320772625
12/08/1998,0,17.196388403574627
13/08/1998,0,8.254965555100213
14/08/1998,0,4.210888221150353
15/08/1998,0,6.6816788372539335
16/08/1998,0,11.377755548272814
17/08/1998,0,18.938742870376224
18/08/1998,0,2.9754265294898126
19/08/1998,0,4.670819515273685
20/08/1998,0,10.80263250924292
21/08/1998,0,4.469389085258756
22/08/1998,0,16.593107450576056
23/08/1998,0,1.2736411598466693
24/08/1998,0,3.5273643256652925
25/08/1998,0,12.94994764668601
26/08/1998,0,1.6997604384308769
27/08/1998,0,19.295423147224245
28/08/1998,0,5.538688202699025
29/08/1998,0,1.5002349331265403
30/08/1998,0,3.3445711618378047
31/08/1998,0,0.2860217009271894
01/09/1998,0,3.5154918751546314
02/09/1998,0,16.950721439861116
03/09/1998,0,1.7800358920579864
04/09/1998,0,10.115726046264172
05/09/1998,0,3.9633304682515917
06/09/1998,0,1.2960632542769115
07/09/1998,0,1.140511426187697
08/09/1998,0,26.567979016474315
09/09/1998,0,8.415493170420328
10/09/1998,0,24.067588261195592
11/09/1998,0,3.5338069597880044
12/09/1998,0,7.903926554180327
13/09/1998,0,35.97304396402268
14/09/1998,0,6.156106930403483
15/09/1998,0,5.963417662751107
16/09/1998,0,3.8737836678822837
17/09/1998,0,1.8292454346304847
18/09/1998,0,1.492176592350006
19/09/1998,0,3.4484472686336156
20/09/1998,0,3.166540238828886
21/09/1998,0,20.346235147544316
22/09/1998,0,4.190513429897172
23/09/1998,0,0.5428949530635562
24/09/1998,0,1.9685656499295008
25/09/1998,0,11.587078219368344
26/09/1998,0,8.153094408057985
27/09/1998,0,1.715095463253203
28/09/1998,0,0
29/09/1998,0,0
30/09/1998,0,0
01/10/1998,0,1.509151665937333
02/10/1998,0,23.222481807072956
03/10/1998,0,5.635261995451791
04/10/1998,0,0
05/10/1998,0,5.107160502956027
06/10/1998,0,5.667826377210163
07/10/1998,0,0
08/10/1998,0,0
09/10/1998,0,0.8239736954371134
10/10/1998,0,0.046437711
11/10/1998,0,0.024605531422864823
12/10/1998,0,0.6739293677466256
13/10/1998,0,0
14/10/1998,0,4.2884809119360785
15/10/1998,0,9.076685967189926
16/10/1998,0,8.318021862279801
17/10/1998,0,8.841825592375937
18/10/1998,0,0.9108811829771314
19/10/1998,0,0
20/10/1998,0,0
21/10/1998,0,0
22/10/1998,0,10.223497217609768
23/10/1998,0,2.382477052154995
24/10/1998,0,0.021344879
25/10/1998,0,0.4669925698212215
26/10/1998,0,0
27/10/1998,0,0.038713364728859494
28/10/1998,0,0
29/10/1998,0,0
30/10/1998,0,0
31/10/1998,0,1.8799279587609428
01/11/1998,0,0.5170677722919554
02/11/1998,0,0.18630739195006235
03/11/1998,0,3.3839714300064814
04/11/1998,0,0
05/11/1998,0,0
06/11/1998,0,0
07/11/1998,0,1.593372983591897
08/11/1998,0,1.5821311857019151
09/11/1998,0,4.6810591987201144
10/11/1998,0,0
11/11/1998,0,1.6270468391123272
12/11/1998,0,0
13/11/1998,0,0
14/11/1998,0,0
15/11/1998,0,0.10350410853113447
16/11/1998,0,3.8252157143184116
17/11/1998,0,3.6045703362850916
18/11/1998,0,0
19/11/1998,0,0
20/11/1998,0,0
21/11/1998,0,0
22/11/1998,0,0
23/11/1998,0,0
24/11/1998,0,0
25/11/1998,0,0
26/11/1998,0,0
27/11/1998,0,0
28/11/1998,0,0
29/11/1998,0,0
30/11/1998,0,0
01/12/1998,0,0
02/12/1998,0,0
03/12/1998,0,0
04/12/1998,0,0
05/12/1998,0,0
06/12/1998,0,0
07/12/1998,0,0
08/12/1998,0,0
09/12/1998,0,0
10/12/1998,0,0
11/12/1998,0,0
12/12/1998,0,0
13/12/1998,0,0
14/12/1998,0,0
15/12/1998,0,0
16/12/1998,0,0
17/12/1998,0,0
18/12/1998,0,0
19/12/1998,0,0
20/12/1998,0,0
21/12/1998,0,0
22/12/1998,0,0
23/12/1998,0,0
24/12/1998,0,0
25/12/1998,0,0
26/12/1998,0,0
27/12/1998,0,0
28/12/1998,0,0
29/12/1998,0,0
30/12/1998,0,0
31/12/1998,0,0
01/01/1999,0,0
02/01/1999,0,0
03/01/1999,0,0
04/01/1999,0,0
05/01/1999,0,0
06/01/1999,0,0
07/01/1999,0,0
08/01/1999,0,0
09/01/1999,0,0
10/01/1999,0,0
11/01/1999,0,0
12/01/1999,0,0
13/01/1999,0,0
14/01/1999,0,0
15/01/1999,0,0
16/01/1999,0,0
17/01/1999,0,0
18/01/1999,0,0
19/01/1999,0,0
20/01/1999,0,0
21/01/1999,0,0
22/01/1999,0,0
23/01/1999,0,0
24/01/1999,0,0
25/01/1999,0,0
26/01/1999,0,0
27/01/1999,0,0
28/01/1999,0,0
29/01/1999,0,0
30/01/1999,0,0
31/01/1999,0,0
01/02/1999,0,0
02/02/1999,0,0
03/02/1999,0,0
04/02/1999,0,1.2658956618536086
05/02/1999,0,0.8302447029522487
06/02/1999,0,0
07/02/1999,0,0
08/02/1999,0,0
09/02/1999,0,0.2123628542536781
10/02/1999,0,4.586765757628849
11/02/1999,0,0
12/02/1999,0,0
13/02/1999,0,0
14/02/1999,0,0
15/02/1999,0,0
16/02/1999,0,0
17/02/1999,0,0
18/02/1999,0,0
19/02/1999,0,0
20/02/1999,0,0
21/02/1999,0,0
22/02/1999,0,0
23/02/1999,0,0
24/02/1999,0,0
25/02/1999,0,0
26/02/1999,0,0
27/02/1999,0,0
28/02/1999,0,0
01/03/1999,0,0
02/03/1999,0,0
03/03/1999,0,0
04/03/1999,0,0
05/03/1999,0,0
06/03/1999,0,0
07/03/1999,0,0
08/03/1999,0,0
09/03/1999,0,0
10/03/1999,0,0
11/03/1999,0,0
12/03/1999,0,0
13/03/1999,0,0
14/03/1999,0,0
15/03/1999,0,0
16/03/1999,0,0
17/03/1999,0,0
18/03/1999,0,0
19/03/1999,0,0
20/03/1999,0,0
21/03/1999,0,0
22/03/1999,0,0
23/03/1999,0,0
24/03/1999,0,0
25/03/1999,0,0
26/03/1999,0,0
27/03/1999,0,0
28/03/1999,0,0
29/03/1999,0,0
30/03/1999,0,0
31/03/1999,0,0
01/04/1999,0,0
02/04/1999,0,0
03/04/1999,0,0
04/04/1999,0,0
05/04/1999,0,0
06/04/1999,0,0
07/04/1999,0,0
08/04/1999,0,0
09/04/1999,0,0
10/04/1999,0,0
11/04/1999,0,0
12/04/1999,0,0
13/04/1999,0,0
14/04/1999,0,0
15/04/1999,0,0
16/04/1999,0,0
17/04/1999,0,0
18/04/1999,0,0
19/04/1999,0,0
20/04/1999,0,0
21/04/1999,0,0
22/04/1999,0,0
23/04/1999,0,0
24/04/1999,0,0
25/04/1999,0,0
26/04/1999,0,0
27/04/1999,0,0
28/04/1999,0,0
29/04/1999,0,0
30/04/1999,0,0
01/05/1999,0,0
02/05/1999,0,0
03/05/1999,0,0
04/05/1999,0,0
05/05/1999,0,0
06/05/1999,0,2.629085075997171
07/05/1999,0,0
08/05/1999,0,0
09/05/1999,0,0
10/05/1999,0,0.42817056746709914
11/05/1999,0,0.056008996
12/05/1999,0,0.028697049333935694
13/05/1999,0,0
14/05/1999,0,4.557245121
15/05/1999,0,0
16/05/1999,0,0
17/05/1999,0,0
18/05/1999,0,2.5951892818723405
19/05/1999,0,0.10683228714125496
20/05/1999,0,2.8991841475168862
21/05/1999,0,3.6899312017928985
22/05/1999,0,1.7302055742059435
23/05/1999,0,0.067557304
24/05/1999,0,0.5575695094608125
25/05/1999,0,5.194305321999958
26/05/1999,0,0
27/05/1999,0,1.7842646982698214
28/05/1999,0,0
29/05/1999,0,0
30/05/1999,0,0.005594257
31/05/1999,0,0
01/06/1999,0,0.025785173688616072
02/06/1999,0,0.7270338208902449
03/06/1999,0,0.5055700994673229
04/06/1999,0,0.8754802431379046
05/06/1999,0,0
06/06/1999,0,0
07/06/1999,0,0
08/06/1999,0,0.36037206862654003
09/06/1999,0,1.8286275139876775
10/06/1999,0,0.34401060286022367
11/06/1999,0,14.361661004168647
12/06/1999,0,0.8663329084714254
13/06/1999,0,0.7352774980522337
14/06/1999,0,8.383715254919869
15/06/1999,0,8.339363887196495
16/06/1999,0,6.6040370010194325
17/06/1999,0,37.19672925131662
18/06/1999,0,81.26894669
19/06/1999,0,15.470532258351644
20/06/1999,0,7.970712749730973
21/06/1999,0,25.977644012087868
22/06/1999,0,28.340602329799108
23/06/1999,0,8.552003519875663
24/06/1999,0,2.6955252147856212
25/06/1999,0,0.6506335068316687
26/06/1999,0,0
27/06/1999,0,0
28/06/1999,0,0.3376721775247937
29/06/1999,0,2.0014992870745205
30/06/1999,0,0.16522563355309622
01/07/1999,0,0
02/07/1999,0,0.43786651
03/07/1999,0,0
04/07/1999,0,0.49366098926180885
05/07/1999,0,1.2249562367796898
06/07/1999,0,15.311375348340897
07/07/1999,0,17.08280847186134
08/07/1999,0,10.642806626501537
09/07/1999,0,1.4171177439746403
10/07/1999,0,1.9731126608593124
11/07/1999,0,8.143490070388431
12/07/1999,0,6.4633394082387285
13/07/1999,0,1.1373876404194605
14/07/1999,0,5.905018130938212
15/07/1999,0,42.94086701529367
16/07/1999,0,13.275950817834763
17/07/1999,0,2.0279673550810133
18/07/1999,0,3.072083522166525
19/07/1999,0,3.6506396312089193
20/07/1999,0,11.307284769557771
21/07/1999,0,8.589859428150314
22/07/1999,0,10.216763859703427
23/07/1999,0,8.673169908
24/07/1999,0,4.333866413860094
25/07/1999,0,1.2491664027883893
26/07/1999,0,0.88247119
27/07/1999,0,6.046425217673892
28/07/1999,0,45.373054532777694
29/07/1999,0,36.21692004
30/07/1999,0,1.0339861334789366
31/07/1999,0,0.4447325382913862
01/08/1999,0,10.660621540177436
02/08/1999,0,29.169067087627592
03/08/1999,0,47.777538458506264
04/08/1999,0,20.247929959070113
05/08/1999,0,6.498141873450506
06/08/1999,0,9.587163151729674
07/08/1999,0,15.89585896900722
08/08/1999,0,36.282853716895694
09/08/1999,0,21.11043578102475
10/08/1999,0,3.9013372347468422
11/08/1999,0,2.204179879
12/08/1999,0,0.5662938945350193
13/08/1999,0,0.607409561
14/08/1999,0,0.068083773
15/08/1999,0,0.038923542
16/08/1999,0,16.747038909367152
17/08/1999,0,4.911067355246771
18/08/1999,0,6.133630778108325
19/08/1999,0,3.6693510015805564
20/08/1999,0,7.922606836827028
21/08/1999,0,10.760782230468024
22/08/1999,0,2.170724786463238
23/08/1999,0,2.3649998065971194
24/08/1999,0,0.46997523307800293
25/08/1999,0,22.411238806588308
26/08/1999,0,37.84648531959171
27/08/1999,0,7.810553719600041
28/08/1999,0,21.393472268467857
29/08/1999,0,18.743933268955775
30/08/1999,0,31.190321377345494
31/08/1999,0,48.43404924301874
01/09/1999,0,38.75296878814697
02/09/1999,0,5.214772037097386
03/09/1999,0,0.9046020011107127
04/09/1999,0,2.904343233931632
05/09/1999,0,2.837766032488573
06/09/1999,0,1.994441548983256
07/09/1999,0,0.5703462113936743
08/09/1999,0,21.417525637717475
09/09/1999,0,35.15740089189438
10/09/1999,0,4.573115374360766
11/09/1999,0,3.2383351638203575
12/09/1999,0,5.865659390177045
13/09/1999,0,15.84202394031343
14/09/1999,0,18.97178960981823
15/09/1999,0,11.288115274338494
16/09/1999,0,3.6532554896104905
17/09/1999,0,12.98449436823527
18/09/1999,0,8.215757415
19/09/1999,0,6.529951163700649
20/09/1999,0,1.1276727261997403
21/09/1999,0,0.269138522
22/09/1999,0,3.525416611915543
23/09/1999,0,0.922241068
24/09/1999,0,3.9991499072029475
25/09/1999,0,6.820872550209363
26/09/1999,0,10.919467064596358
27/09/1999,0,8.383629035382043
28/09/1999,0,4.147537095206125
29/09/1999,0,6.382152818498158
30/09/1999,0,2.707082058702196
01/10/1999,0,0
02/10/1999,0,0.833816878
03/10/1999,0,10.257278551657995
04/10/1999,0,2.6609491372392293
05/10/1999,0,2.0474857978877568
06/10/1999,0,1.463764060820852
07/10/1999,0,11.640646622294472
08/10/1999,0,11.251230223547845
09/10/1999,0,0.039967018
10/10/1999,0,10.333509831201463
11/10/1999,0,1.143828930599349
12/10/1999,0,0.051759833381289526
13/10/1999,0,0.10831139201209658
14/10/1999,0,1.335987118738038
15/10/1999,0,0
16/10/1999,0,4.499788663
17/10/1999,0,4.010154669483502
18/10/1999,0,3.4094520267986117
19/10/1999,0,0
20/10/1999,0,1.4844301428113664
21/10/1999,0,2.226645211378733
22/10/1999,0,1.4844301428113664
23/10/1999,0,0.012892586844308036
24/10/1999,0,1.0391011018128622
25/10/1999,0,6.285734688951855
26/10/1999,0,8.21565288
27/10/1999,0,14.057894760654086
28/10/1999,0,0
29/10/1999,0,0
30/10/1999,0,0
31/10/1999,0,0
01/11/1999,0,0
02/11/1999,0,0
03/11/1999,0,0
04/11/1999,0,0
05/11/1999,0,0
06/11/1999,0,0
07/11/1999,0,0
08/11/1999,0,0
09/11/1999,0,0
10/11/1999,0,0
11/11/1999,0,0
12/11/1999,0,0
13/11/1999,0,0
14/11/1999,0,0
15/11/1999,0,0
16/11/1999,0,0
17/11/1999,0,0
18/11/1999,0,0
19/11/1999,0,0
20/11/1999,0,0
21/11/1999,0,0
22/11/1999,0,0
23/11/1999,0,0
24/11/1999,0,0
25/11/1999,0,0
26/11/1999,0,0
27/11/1999,0,0
28/11/1999,0,0
29/11/1999,0,0
30/11/1999,0,0
01/12/1999,0,0
02/12/1999,0,0
03/12/1999,0,0
04/12/1999,0,0
05/12/1999,0,0
06/12/1999,0,0
07/12/1999,0,0
08/12/1999,0,0
09/12/1999,0,0
10/12/1999,0,0
11/12/1999,0,0
12/12/1999,0,0
13/12/1999,0,0
14/12/1999,0,0
15/12/1999,0,0
16/12/1999,0,0
17/12/1999,0,0
18/12/1999,0,0
19/12/1999,0,0
20/12/1999,0,0
21/12/1999,0,0
22/12/1999,0,0
23/12/1999,0,0
24/12/1999,0,0
25/12/1999,0,0.026657308850969588
26/12/1999,0,0
27/12/1999,0,0
28/12/1999,0,0
29/12/1999,0,0
30/12/1999,0,0
31/12/1999,0,0
01/01/2000,0,0
02/01/2000,0,0
03/01/2000,0,0
04/01/2000,0,0
05/01/2000,0,0
06/01/2000,0,0
07/01/2000,0,0
08/01/2000,0,0
09/01/2000,0,0
10/01/2000,0,0
11/01/2000,0,0
12/01/2000,0,0
13/01/2000,0,0
14/01/2000,0,0
15/01/2000,0,0
16/01/2000,0,0
17/01/2000,0,0
18/01/2000,0,0
19/01/2000,0,0
20/01/2000,0,0
21/01/2000,0,0
22/01/2000,0,0
23/01/2000,0,0
24/01/2000,0,0
25/01/2000,0,0
26/01/2000,0,0
27/01/2000,0,0
28/01/2000,0,0
29/01/2000,0,0
30/01/2000,0,0
31/01/2000,0,0
01/02/2000,0,0
02/02/2000,0,0
03/02/2000,0,0
04/02/2000,0,0
05/02/2000,0,0
06/02/2000,0,0
07/02/2000,0,0
08/02/2000,0,0
09/02/2000,0,0
10/02/2000,0,0
11/02/2000,0,0
12/02/2000,0,0
13/02/2000,0,0
14/02/2000,0,0.9772235751152039
15/02/2000,0,0
16/02/2000,0,0
17/02/2000,0,0.127267097
18/02/2000,0,0.019762066
19/02/2000,0,0.007410775
20/02/2000,0,0
21/02/2000,0,0.13115069979713076
22/02/2000,0,0.024495914
23/02/2000,0,0
24/02/2000,0,0.014627651089713686
25/02/2000,0,0.054304576
26/02/2000,0,0
27/02/2000,0,0
28/02/2000,0,0
29/02/2000,0,0
01/03/2000,0,0
02/03/2000,0,0
03/03/2000,0,0
04/03/2000,0,0
05/03/2000,0,0
06/03/2000,0,0
07/03/2000,0,0
08/03/2000,0,0
09/03/2000,0,0.43954550687755856
10/03/2000,0,0
11/03/2000,0,0
12/03/2000,0,0
13/03/2000,0,0
14/03/2000,0,0
15/03/2000,0,0
16/03/2000,0,0
17/03/2000,0,0
18/03/2000,0,0
19/03/2000,0,0
20/03/2000,0,0
21/03/2000,0,0.6661468744277954
22/03/2000,0,0.7216590380384809
23/03/2000,0,1.0320501607798396
24/03/2000,0,1.1994096711277962
25/03/2000,0,1.9580447471567564
26/03/2000,0,0
27/03/2000,0,0
28/03/2000,0,0
29/03/2000,0,0
30/03/2000,0,0
31/03/2000,0,0
01/04/2000,0,0
02/04/2000,0,0
03/04/2000,0,0
04/04/2000,0,0
05/04/2000,0,0
06/04/2000,0,0
07/04/2000,0,0
08/04/2000,0,0
09/04/2000,0,0
10/04/2000,0,0
11/04/2000,0,0
12/04/2000,0,0
13/04/2000,0,0
14/04/2000,0,0
15/04/2000,0,0
16/04/2000,0,0
17/04/2000,0,0
18/04/2000,0,0
19/04/2000,0,0.7216590380384809
20/04/2000,0,0
21/04/2000,0,0
22/04/2000,0,0
23/04/2000,0,0
24/04/2000,0,0
25/04/2000,0,0
26/04/2000,0,0
27/04/2000,0,0
28/04/2000,0,0
29/04/2000,0,0
30/04/2000,0,0
01/05/2000,0,0
02/05/2000,0,0
03/05/2000,0,0
04/05/2000,0,0
05/05/2000,0,0
06/05/2000,0,1.5816852397152357
07/05/2000,0,0
08/05/2000,0,0.6006014159037953
09/05/2000,0,0
10/05/2000,0,0.079468425
11/05/2000,0,0
12/05/2000,0,0.005548419
13/05/2000,0,0
14/05/2000,0,0
15/05/2000,0,0
16/05/2000,0,0
17/05/2000,0,0.009672278
18/05/2000,0,0
19/05/2000,0,0
20/05/2000,0,0
21/05/2000,0,5.662231590066638
22/05/2000,0,9.441052540427162
23/05/2000,0,0
24/05/2000,0,0
25/05/2000,0,0
26/05/2000,0,0
27/05/2000,0,0
28/05/2000,0,0
29/05/2000,0,0
30/05/2000,0,0
31/05/2000,0,0
01/06/2000,0,2.2438572226535705
02/06/2000,0,4.451319242517154
03/06/2000,0,12.77877676
04/06/2000,0,3.971515776146026
05/06/2000,0,4.151709755261739
06/06/2000,0,7.898953074500675
07/06/2000,0,15.773555369604201
08/06/2000,0,0.013859531709126063
09/06/2000,0,1.7849822065659933
10/06/2000,0,0.2359378213683764
11/06/2000,0,2.9240355353270258
12/06/2000,0,0.8537588240135283
13/06/2000,0,0.28064468644914176
14/06/2000,0,0.088218243
15/06/2000,0,0.079673627
16/06/2000,0,0
17/06/2000,0,2.5743920604387918
18/06/2000,0,52.41150233859108
19/06/2000,0,14.810358910333543
20/06/2000,0,3.959102906641506
21/06/2000,0,3.146019619845209
22/06/2000,0,2.436399967897506
23/06/2000,0,0.7001774587801525
24/06/2000,0,0
25/06/2000,0,0
26/06/2000,0,0.39117659841264996
27/06/2000,0,18.772804475965955
28/06/2000,0,29.863165128798713
29/06/2000,0,10.15625552194459
30/06/2000,0,6.142068309443338
01/07/2000,0,4.025671220961071
02/07/2000,0,5.6132870110727495
03/07/2000,0,12.434330400966463
04/07/2000,0,5.257318486060415
05/07/2000,0,5.021062378372465
06/07/2000,0,0
07/07/2000,0,1.314239346555301
08/07/2000,0,6.337243474665142
09/07/2000,0,3.646013988270646
10/07/2000,0,7.868766421363468
11/07/2000,0,9.027630544844127
12/07/2000,0,24.616705394926527
13/07/2000,0,14.075377191816058
14/07/2000,0,6.030057827631633
15/07/2000,0,0.8224459347270784
16/07/2000,0,7.317583620548248
17/07/2000,0,65.64850180489677
18/07/2000,0,67.82957453954788
19/07/2000,0,41.97134930746896
20/07/2000,0,20.236961728050595
21/07/2000,0,1.9560690720876057
22/07/2000,0,0.43836143754777457
23/07/2000,0,1.1591515934893064
24/07/2000,0,3.4944903346754255
25/07/2000,0,1.4043165771734147
26/07/2000,0,8.947929018
27/07/2000,0,9.467559848512922
28/07/2000,0,4.612429140579133
29/07/2000,0,0.10736391835269474
30/07/2000,0,0.1883013198773066
31/07/2000,0,1.5034557396457309
01/08/2000,0,0.13760013807387578
02/08/2000,0,0.21751267037221364
03/08/2000,0,1.150278389453888
04/08/2000,0,0
05/08/2000,0,0.11968955965269179
06/08/2000,0,0.907142013
07/08/2000,0,3.987815725
08/08/2000,0,11.213489895775204
09/08/2000,0,13.507513852346511
10/08/2000,0,10.83272868
11/08/2000,0,42.949127197265625
12/08/2000,0,1.125436551514126
13/08/2000,0,4.7421379174504965
14/08/2000,0,3.961342079298837
15/08/2000,0,6.777257487887428
16/08/2000,0,6.053445339202881
17/08/2000,0,3.686918583654222
18/08/2000,0,8.025088429450989
19/08/2000,0,18.750314100157645
20/08/2000,0,9.797013935588655
21/08/2000,0,3.9844393112829755
22/08/2000,0,2.6213332907784554
23/08/2000,0,0.2837622275664693
24/08/2000,0,0.13150827444735028
25/08/2000,0,4.646333582344509
26/08/2000,0,3.572001882961818
27/08/2000,0,11.546712201975641
28/08/2000,0,14.568770016942706
29/08/2000,0,37.07578668
30/08/2000,0,33.474647158668155
31/08/2000,0,2.7122065410727547
01/09/2000,0,0.9511331752652213
02/09/2000,0,0
03/09/2000,0,0.057972846286637444
04/09/2000,0,0.6304187639838174
05/09/2000,0,3.177270796327364
06/09/2000,0,0.7403065888654619
07/09/2000,0,1.2347380625350135
08/09/2000,0,12.199179331461588
09/09/2000,0,2.2080050745890256
10/09/2000,0,1.4965064440454756
11/09/2000,0,0.3246540739422753
12/09/2000,0,0
13/09/2000,0,0
14/09/2000,0,0.7957386885370527
15/09/2000,0,3.118857203494935
16/09/2000,0,3.911962492125375
17/09/2000,0,3.7094104772522334
18/09/2000,0,6.879682970898492
19/09/2000,0,0.2619361990974063
20/09/2000,0,0.7927123652327628
21/09/2000,0,2.1675661376544406
22/09/2000,0,18.72689401535761
23/09/2000,0,1.9237034682716643
24/09/2000,0,2.6454112295593535
25/09/2000,0,3.492832593974613
26/09/2000,0,0.014355018734931946
27/09/2000,0,0.086459041
28/09/2000,0,0.26343928490366253
29/09/2000,0,0.5685985159306299
30/09/2000,0,1.4095223489261808
01/10/2000,0,0
02/10/2000,0,0
03/10/2000,0,0
04/10/2000,0,2.4485822029057003
05/10/2000,0,0
06/10/2000,0,0.2216383389064244
07/10/2000,0,0
08/10/2000,0,1.6727010011672974
09/10/2000,0,1.8753505377542405
10/10/2000,0,1.6873280434381395
11/10/2000,0,0
12/10/2000,0,0
13/10/2000,0,0
14/10/2000,0,0
15/10/2000,0,0
16/10/2000,0,0
17/10/2000,0,0
18/10/2000,0,0
19/10/2000,0,0
20/10/2000,0,0
21/10/2000,0,0
22/10/2000,0,0
23/10/2000,0,0
24/10/2000,0,0
25/10/2000,0,0
26/10/2000,0,0
27/10/2000,0,0
28/10/2000,0,0
29/10/2000,0,0
30/10/2000,0,0
31/10/2000,0,0
01/11/2000,0,0
02/11/2000,0,0
03/11/2000,0,0
04/11/2000,0,0
05/11/2000,0,0
06/11/2000,0,0
07/11/2000,0,0
08/11/2000,0,0
09/11/2000,0,0
10/11/2000,0,0
11/11/2000,0,0
12/11/2000,0,0
13/11/2000,0,0
14/11/2000,0,0
15/11/2000,0,0
16/11/2000,0,0
17/11/2000,0,0
18/11/2000,0,0
19/11/2000,0,0
20/11/2000,0,0
21/11/2000,0,0
22/11/2000,0,0
23/11/2000,0,0
24/11/2000,0,0
25/11/2000,0,0
26/11/2000,0,0
27/11/2000,0,0
28/11/2000,0,0
29/11/2000,0,0
30/11/2000,0,0
01/12/2000,0,0
02/12/2000,0,0
03/12/2000,0,0
04/12/2000,0,0
05/12/2000,0,0
06/12/2000,0,0
07/12/2000,0,0
08/12/2000,0,0
09/12/2000,0,0
10/12/2000,0,0
11/12/2000,0,0
12/12/2000,0,0
13/12/2000,0,0
14/12/2000,0,0
15/12/2000,0,0
16/12/2000,0,0
17/12/2000,0,0
18/12/2000,0,0
19/12/2000,0,0
20/12/2000,0,0
21/12/2000,0,0
22/12/2000,0,0
23/12/2000,0,0
24/12/2000,0,0
25/12/2000,0,0
26/12/2000,0,0
27/12/2000,0,0
28/12/2000,0,0
29/12/2000,0,0
30/12/2000,0,0
31/12/2000,0,0
01/01/2001,0,0.051972398
02/01/2001,0,7.495225997198196
03/01/2001,0,0.19893942383073626
04/01/2001,0,0
05/01/2001,0,0
06/01/2001,0,0
07/01/2001,0,0
08/01/2001,0,0
09/01/2001,0,0
10/01/2001,0,0
11/01/2001,0,0
12/01/2001,0,0
13/01/2001,0,0
14/01/2001,0,0
15/01/2001,0,0
16/01/2001,0,0
17/01/2001,0,0
18/01/2001,0,0
19/01/2001,0,0
20/01/2001,0,0
21/01/2001,0,0
22/01/2001,0,0
23/01/2001,0,0
24/01/2001,0,0
25/01/2001,0,0
26/01/2001,0,0
27/01/2001,0,0
28/01/2001,0,0
29/01/2001,0,0
30/01/2001,0,0
31/01/2001,0,0
01/02/2001,0,0
02/02/2001,0,0
03/02/2001,0,0
04/02/2001,0,0
05/02/2001,0,0
06/02/2001,0,0
07/02/2001,0,0
08/02/2001,0,0
09/02/2001,0,0
10/02/2001,0,0
11/02/2001,0,0
12/02/2001,0,0
13/02/2001,0,0
14/02/2001,0,0
15/02/2001,0,0
16/02/2001,0,0
17/02/2001,0,0
18/02/2001,0,0
19/02/2001,0,0
20/02/2001,0,0
21/02/2001,0,0
22/02/2001,0,0
23/02/2001,0,0
24/02/2001,0,0
25/02/2001,0,0
26/02/2001,0,0
27/02/2001,0,0
28/02/2001,0,0
01/03/2001,0,0.2038579739275433
02/03/2001,0,0
03/03/2001,0,0
04/03/2001,0,0.30014769661994206
05/03/2001,0,0.3811601840314411
06/03/2001,0,0.49727957731201533
07/03/2001,0,0
08/03/2001,0,0.41059466628801256
09/03/2001,0,9.235041578610739
10/03/2001,0,0
11/03/2001,0,0
12/03/2001,0,0
13/03/2001,0,0.043106793
14/03/2001,0,0
15/03/2001,0,0
16/03/2001,0,0
17/03/2001,0,0.19893942383073626
18/03/2001,0,0
19/03/2001,0,0
20/03/2001,0,0
21/03/2001,0,0
22/03/2001,0,0
23/03/2001,0,0
24/03/2001,0,0
25/03/2001,0,0
26/03/2001,0,0
27/03/2001,0,0
28/03/2001,0,0
29/03/2001,0,0
30/03/2001,0,0
31/03/2001,0,0.08786785
01/04/2001,0,0.006760184
02/04/2001,0,0
03/04/2001,0,0
04/04/2001,0,0
05/04/2001,0,0
06/04/2001,0,0
07/04/2001,0,0
08/04/2001,0,0
09/04/2001,0,0
10/04/2001,0,0
11/04/2001,0,0
12/04/2001,0,0.020776369741984775
13/04/2001,0,4.693540705101831
14/04/2001,0,0.006694802
15/04/2001,0,0.8492589138803028
16/04/2001,0,8.938004157727672
17/04/2001,0,35.06178372246878
18/04/2001,0,0.5673241743019649
19/04/2001,0,8.684190636589413
20/04/2001,0,1.8072187421577317
21/04/2001,0,0
22/04/2001,0,0
23/04/2001,0,0.22256653365634738
24/04/2001,0,0
25/04/2001,0,0
26/04/2001,0,0
27/04/2001,0,0
28/04/2001,0,0
29/04/2001,0,0
30/04/2001,0,0
01/05/2001,0,0.15290385626611255
02/05/2001,0,0.24249356985092163
03/05/2001,0,1.4990487276088624
04/05/2001,0,0
05/05/2001,0,0.7180562388329279
06/05/2001,0,0.009271956
07/05/2001,0,0.06149905
08/05/2001,0,0
09/05/2001,0,0
10/05/2001,0,0
11/05/2001,0,0
12/05/2001,0,0.15108664830525717
13/05/2001,0,0
14/05/2001,0,0
15/05/2001,0,0.7532350158407575
16/05/2001,0,0
17/05/2001,0,5.851172677817798
18/05/2001,0,0.3096268886611575
19/05/2001,0,0.2060290880146481
20/05/2001,0,0.5732006643499646
21/05/2001,0,0.009808345
22/05/2001,0,0
23/05/2001,0,0.06215313
24/05/2001,0,0.072910406
25/05/2001,0,0.13625878663290114
26/05/2001,0,0.14181515113228843
27/05/2001,0,0.24514570938689367
28/05/2001,0,15.41915982677823
29/05/2001,0,2.3890237666311718
30/05/2001,0,0.9295534218351046
31/05/2001,0,3.257663313831602
01/06/2001,0,0.043933925174531485
02/06/2001,0,1.8865158274060203
03/06/2001,0,16.666452836422692
04/06/2001,0,19.454843066987536
05/06/2001,0,29.67090620313372
06/06/2001,0,0.6298991086937132
07/06/2001,0,0.15154752277192615
08/06/2001,0,11.326053812390281
09/06/2001,0,1.8164810041586559
10/06/2001,0,2.8313606750397455
11/06/2001,0,20.02633221944173
12/06/2001,0,6.546392352808089
13/06/2001,0,191.2366739908854
14/06/2001,0,131.27415938604446
15/06/2001,0,26.127410207475936
16/06/2001,0,6.611956579344613
17/06/2001,0,0.20043985439198359
18/06/2001,0,2.0256080003011796
19/06/2001,0,11.503991876329694
20/06/2001,0,9.005363487
21/06/2001,0,0.8816001890670686
22/06/2001,0,0
23/06/2001,0,0.057439305
24/06/2001,0,0.10236080132779621
25/06/2001,0,0.6140430072943369
26/06/2001,0,2.319716613917124
27/06/2001,0,13.328217347462973
28/06/2001,0,12.753421965099516
29/06/2001,0,23.54598381405785
30/06/2001,0,9.121555282956077
01/07/2001,0,12.665302077929178
02/07/2001,0,10.776492635409037
03/07/2001,0,0.5291145057195709
04/07/2001,0,1.7625635131483985
05/07/2001,0,43.975264776320685
06/07/2001,0,60.291363852364675
07/07/2001,0,30.032634644281295
08/07/2001,0,39.74542881193615
09/07/2001,0,103.3650857834589
10/07/2001,0,8.024738799958001
11/07/2001,0,12.063129992712112
12/07/2001,0,3.689082621108918
13/07/2001,0,8.189170122146606
14/07/2001,0,1.1263295653320493
15/07/2001,0,3.708919252668108
16/07/2001,0,10.494481563568115
17/07/2001,0,23.592299552190873
18/07/2001,0,12.661705380394345
19/07/2001,0,20.338351794651576
20/07/2001,0,5.206571556
21/07/2001,0,5.257846886203403
22/07/2001,0,3.1238877262387956
23/07/2001,0,13.738723618643624
24/07/2001,0,18.68509092785063
25/07/2001,0,24.970374902089436
26/07/2001,0,1.2861160529511315
27/07/2001,0,2.046393531418982
28/07/2001,0,3.4125996161074865
29/07/2001,0,0.2912028485110828
30/07/2001,0,2.151984026034673
31/07/2001,0,8.390141384942192
01/08/2001,0,0.11777609657673609
02/08/2001,0,1.050367086
03/08/2001,0,42.12577810741606
04/08/2001,0,11.210143248240152
05/08/2001,0,58.70904123215448
06/08/2001,0,16.00999258813404
07/08/2001,0,10.093759536743164
08/08/2001,0,13.051699729192825
09/08/2001,0,14.854160030682882
10/08/2001,0,8.168950487
11/08/2001,0,30.268992469424294
12/08/2001,0,7.494652657281785
13/08/2001,0,14.90897932506743
14/08/2001,0,128.71517926170714
15/08/2001,0,21.59714884985061
16/08/2001,0,2.8207177250158217
17/08/2001,0,2.006508535572461
18/08/2001,0,2.020674147776195
19/08/2001,0,58.681665511358354
20/08/2001,0,181.91430010114397
21/08/2001,0,49.52112961
22/08/2001,0,2.6498051087061563
23/08/2001,0,2.093438662943386
24/08/2001,0,14.530546949023293
25/08/2001,0,6.325800086770739
26/08/2001,0,6.327195698306674
27/08/2001,0,0.614422892
28/08/2001,0,0
29/08/2001,0,0.085202809
30/08/2001,0,0
31/08/2001,0,0
01/09/2001,0,0.5017026818933941
02/09/2001,0,0.39578697298254284
03/09/2001,0,1.2988432567744028
04/09/2001,0,1.3731710676636015
05/09/2001,0,3.1091849214973903
06/09/2001,0,0
07/09/2001,0,0.3974095653919947
08/09/2001,0,0
09/09/2001,0,0.057364025
10/09/2001,0,0.30349751313527423
11/09/2001,0,0.8583912902644703
12/09/2001,0,7.992131412029266
13/09/2001,0,1.6202923343295144
14/09/2001,0,5.355775344939459
15/09/2001,0,0.02728104
16/09/2001,0,2.6042443939617703
17/09/2001,0,0.1621162004414059
18/09/2001,0,1.6252214468660808
19/09/2001,0,5.7513432289872854
20/09/2001,0,0
21/09/2001,0,0.076974637
22/09/2001,0,0
23/09/2001,0,0.087295456
24/09/2001,0,0
25/09/2001,0,0.030696921
26/09/2001,0,2.4019501564048586
27/09/2001,0,1.5401617224727358
28/09/2001,0,1.6925682560318993
29/09/2001,0,1.2846925400552296
30/09/2001,0,3.2027955871252787
01/10/2001,0,13.906001953851609
02/10/2001,0,1.5536036030167626
03/10/2001,0,3.000851775918688
04/10/2001,0,8.935376848493304
05/10/2001,0,2.6883192622945424
06/10/2001,0,8.590885642
07/10/2001,0,4.006664951642354
08/10/2001,0,6.244341450078147
09/10/2001,0,1.8545839318207331
10/10/2001,0,0.9131287237008413
11/10/2001,0,25.335836183457147
12/10/2001,0,1.515870832261585
13/10/2001,0,0.023929082
14/10/2001,0,0.13849799689792452
15/10/2001,0,0
16/10/2001,0,0.7455838975452241
17/10/2001,0,0.16055678256920405
18/10/2001,0,0.019578339798109873
19/10/2001,0,0
20/10/2001,0,0
21/10/2001,0,0
22/10/2001,0,0
23/10/2001,0,0
24/10/2001,0,0
25/10/2001,0,0
26/10/2001,0,0
27/10/2001,0,0
28/10/2001,0,0
29/10/2001,0,0
30/10/2001,0,0.076283984
31/10/2001,0,0
01/11/2001,0,0
02/11/2001,0,0
03/11/2001,0,0
04/11/2001,0,0
05/11/2001,0,0
06/11/2001,0,0
07/11/2001,0,0
08/11/2001,0,0
09/11/2001,0,0
10/11/2001,0,0
11/11/2001,0,0.043287501
12/11/2001,0,0.45932925315130324
13/11/2001,0,0
14/11/2001,0,0.24935457961899893
15/11/2001,0,0.010750805338223776
16/11/2001,0,10.26346555352211
17/11/2001,0,4.201118169441109
18/11/2001,0,0.028298551837603252
19/11/2001,0,0.2437696627208165
20/11/2001,0,0
21/11/2001,0,0
22/11/2001,0,0
23/11/2001,0,0
24/11/2001,0,0
25/11/2001,0,0
26/11/2001,0,0
27/11/2001,0,0
28/11/2001,0,0
29/11/2001,0,0
30/11/2001,0,0
01/12/2001,0,0
02/12/2001,0,0
03/12/2001,0,0
04/12/2001,0,0
05/12/2001,0,0
06/12/2001,0,0
07/12/2001,0,0
08/12/2001,0,0
09/12/2001,0,0
10/12/2001,0,0
11/12/2001,0,0
12/12/2001,0,0
13/12/2001,0,0
14/12/2001,0,0
15/12/2001,0,0
16/12/2001,0,0
17/12/2001,0,0
18/12/2001,0,0
19/12/2001,0,0
20/12/2001,0,0
21/12/2001,0,0
22/12/2001,0,0
23/12/2001,0,0
24/12/2001,0,0
25/12/2001,0,0
26/12/2001,0,0
27/12/2001,0,0
28/12/2001,0,0
29/12/2001,0,0
30/12/2001,0,0
31/12/2001,0,0
01/01/2002,0,0
02/01/2002,0,0
03/01/2002,0,0
04/01/2002,0,0
05/01/2002,0,0
06/01/2002,0,2.619790080047789
07/01/2002,0,0.6582631780987694
08/01/2002,0,0.016606547
09/01/2002,0,0
10/01/2002,0,0.006285195
11/01/2002,0,0
12/01/2002,0,0
13/01/2002,0,0
14/01/2002,0,0
15/01/2002,0,0
16/01/2002,0,0
17/01/2002,0,0
18/01/2002,0,0
19/01/2002,0,0
20/01/2002,0,0
21/01/2002,0,0
22/01/2002,0,0.015158351
23/01/2002,0,6.254223480111077
24/01/2002,0,0
25/01/2002,0,0
26/01/2002,0,0
27/01/2002,0,0
28/01/2002,0,0
29/01/2002,0,0
30/01/2002,0,0
31/01/2002,0,0
01/02/2002,0,0
02/02/2002,0,0
03/02/2002,0,0
04/02/2002,0,0
05/02/2002,0,0
06/02/2002,0,0
07/02/2002,0,0.15261807753926232
08/02/2002,0,0.8620474026316688
09/02/2002,0,0.5362544748045149
10/02/2002,0,0.015200250915118627
11/02/2002,0,0
12/02/2002,0,0.15199897970472062
13/02/2002,0,0
14/02/2002,0,0
15/02/2002,0,0
16/02/2002,0,0
17/02/2002,0,0
18/02/2002,0,0
19/02/2002,0,0
20/02/2002,0,0
21/02/2002,0,0
22/02/2002,0,0
23/02/2002,0,0.007949004
24/02/2002,0,0.3221181035041809
25/02/2002,0,0.009084576
26/02/2002,0,0
27/02/2002,0,0.006518079
28/02/2002,0,0
01/03/2002,0,0
02/03/2002,0,0
03/03/2002,0,0
04/03/2002,0,0
05/03/2002,0,0
06/03/2002,0,0
07/03/2002,0,0
08/03/2002,0,0
09/03/2002,0,0
10/03/2002,0,0
11/03/2002,0,0
12/03/2002,0,0
13/03/2002,0,0
14/03/2002,0,0
15/03/2002,0,0
16/03/2002,0,0
17/03/2002,0,0
18/03/2002,0,0
19/03/2002,0,0
20/03/2002,0,0
21/03/2002,0,0
22/03/2002,0,0
23/03/2002,0,0
24/03/2002,0,0
25/03/2002,0,0
26/03/2002,0,0
27/03/2002,0,0
28/03/2002,0,0.509047461
29/03/2002,0,0.8007471476282392
30/03/2002,0,0.1406108524118151
31/03/2002,0,0
01/04/2002,0,0
02/04/2002,0,0.7356208733149937
03/04/2002,0,0
04/04/2002,0,0
05/04/2002,0,0
06/04/2002,0,0.026494106
07/04/2002,0,0.008351288
08/04/2002,0,0.077565539
09/04/2002,0,0.009084576
10/04/2002,0,0
11/04/2002,0,0
12/04/2002,0,0
13/04/2002,0,0.009625919
14/04/2002,0,0
15/04/2002,0,0
16/04/2002,0,0
17/04/2002,0,1.8761992709977287
18/04/2002,0,0
19/04/2002,0,0.7538711308013826
20/04/2002,0,0.081342249
21/04/2002,0,0
22/04/2002,0,0
23/04/2002,0,3.1693168566340493
24/04/2002,0,0
25/04/2002,0,0
26/04/2002,0,0.071772573
27/04/2002,0,0
28/04/2002,0,0
29/04/2002,0,0
30/04/2002,0,0
01/05/2002,0,0
02/05/2002,0,0
03/05/2002,0,0
04/05/2002,0,0
05/05/2002,0,0
06/05/2002,0,0.004852102
07/05/2002,0,0.026967245908010574
08/05/2002,0,0
09/05/2002,0,0
10/05/2002,0,0
11/05/2002,0,0
12/05/2002,0,0
13/05/2002,0,0
14/05/2002,0,0
15/05/2002,0,0
16/05/2002,0,3.296236132
17/05/2002,0,7.113511023067293
18/05/2002,0,0.1457531111580985
19/05/2002,0,0
20/05/2002,0,0
21/05/2002,0,0
22/05/2002,0,0
23/05/2002,0,0
24/05/2002,0,0
25/05/2002,0,0.087678831
26/05/2002,0,0.050386027920813786
27/05/2002,0,1.8015996643475123
28/05/2002,0,0.066759135
29/05/2002,0,0.083448915
30/05/2002,0,0.880176998
31/05/2002,0,0
01/06/2002,0,0.033752535
02/06/2002,0,0.5174882766746339
03/06/2002,0,8.627241872605824
04/06/2002,0,0.8268036991357803
05/06/2002,0,0.3454162215902692
06/06/2002,0,0.9160630823600859
07/06/2002,0,4.0436455848671145
08/06/2002,0,1.7344741587127959
09/06/2002,0,6.116487566913877
10/06/2002,0,0
11/06/2002,0,15.944497318494887
12/06/2002,0,17.939598291047982
13/06/2002,0,12.96539154506865
14/06/2002,0,21.950420583997452
15/06/2002,0,0.4124333006995065
16/06/2002,0,0.21595724033457891
17/06/2002,0,3.210826159587928
18/06/2002,0,0.16330929455303012
19/06/2002,0,6.645197147414798
20/06/2002,0,1.4688876611845834
21/06/2002,0,24.566941965193976
22/06/2002,0,1.4900209612789608
23/06/2002,0,29.620046978905087
24/06/2002,0,47.344147
25/06/2002,0,23.813854490007675
26/06/2002,0,5.346551472232456
27/06/2002,0,2.2600140550306866
28/06/2002,0,0.4603896265228589
29/06/2002,0,0.10392979887269792
30/06/2002,0,0
01/07/2002,0,7.937731271698361
02/07/2002,0,0.015200250915118627
03/07/2002,0,0.2961538696572894
04/07/2002,0,0.18374539060252054
05/07/2002,0,0
06/07/2002,0,0.015559834383782885
07/07/2002,0,0.02392419
08/07/2002,0,0
09/07/2002,0,0.055334627
10/07/2002,0,3.189215430191585
11/07/2002,0,0.014453351497650146
12/07/2002,0,0
13/07/2002,0,6.764071512789953
14/07/2002,0,11.807078081937064
15/07/2002,0,4.221708652519045
16/07/2002,0,8.893100182215372
17/07/2002,0,0.20946374109813146
18/07/2002,0,65.76616051083519
19/07/2002,0,19.244667007809593
20/07/2002,0,2.0588921138218472
21/07/2002,0,0.7275075412222317
22/07/2002,0,3.5702994409061612
23/07/2002,0,1.685431569814682
24/07/2002,0,1.189242205449513
25/07/2002,0,0
26/07/2002,0,0
27/07/2002,0,1.488696773137365
28/07/2002,0,0.19624316514957518
29/07/2002,0,6.449929905789239
30/07/2002,0,0.11977118182749975
31/07/2002,0,17.40250569298154
01/08/2002,0,14.724003916695004
02/08/2002,0,0.8070941418409348
03/08/2002,0,10.975649070172082
04/08/2002,0,3.679294411625181
05/08/2002,0,9.134606293269567
06/08/2002,0,6.966676414012909
07/08/2002,0,3.4513959913026717
08/08/2002,0,2.2701414695807864
09/08/2002,0,14.271161266735621
10/08/2002,0,42.793673924037385
11/08/2002,0,0.5667061848299844
12/08/2002,0,8.393789314088368
13/08/2002,0,51.02048311
14/08/2002,0,12.904342611630758
15/08/2002,0,2.1973417074907395
16/08/2002,0,6.247882258324396
17/08/2002,0,38.17058221570083
18/08/2002,0,5.049805783090138
19/08/2002,0,1.2743008236090343
20/08/2002,0,2.820598466055734
21/08/2002,0,7.090307757967994
22/08/2002,0,17.419433309918357
23/08/2002,0,43.08291176387242
24/08/2002,0,60.202658244541716
25/08/2002,0,0.012109371523062388
26/08/2002,0,1.3857695346786862
27/08/2002,0,0
28/08/2002,0,0.19976712195646196
29/08/2002,0,5.601399762289865
30/08/2002,0,7.202450320834205
31/08/2002,0,6.844587201163883
01/09/2002,0,11.550210028886795
02/09/2002,0,26.49732927055586
03/09/2002,0,1.7250046389443534
04/09/2002,0,3.2265742009594325
05/09/2002,0,6.509355045500255
06/09/2002,0,7.260412627032825
07/09/2002,0,21.88688471558548
08/09/2002,0,28.095916295335407
09/09/2002,0,7.111943344275157
10/09/2002,0,3.3123028732481457
11/09/2002,0,11.84987331572033
12/09/2002,0,6.276539859317598
13/09/2002,0,1.200249630780447
14/09/2002,0,0.13985247839064824
15/09/2002,0,0.3843191102856681
16/09/2002,0,0.4655630106017703
17/09/2002,0,0
18/09/2002,0,0
19/09/2002,0,0.006446293
20/09/2002,0,0.7662714024384817
21/09/2002,0,0.086148334
22/09/2002,0,0
23/09/2002,0,0
24/09/2002,0,0
25/09/2002,0,0
26/09/2002,0,0
27/09/2002,0,0
28/09/2002,0,0
29/09/2002,0,0
30/09/2002,0,0
01/10/2002,0,0
02/10/2002,0,0.37635976501873564
03/10/2002,0,0
04/10/2002,0,0
05/10/2002,0,0
06/10/2002,0,0
07/10/2002,0,0
08/10/2002,0,0
09/10/2002,0,1.3458391371227445
10/10/2002,0,0.055438127
11/10/2002,0,0.090195444
12/10/2002,0,0.1453422052519662
13/10/2002,0,1.5152549800418673
14/10/2002,0,0.5209523510365259
15/10/2002,0,1.2009546103931608
16/10/2002,0,11.796455839205356
17/10/2002,0,3.1441711698259627
18/10/2002,0,8.994707019556136
19/10/2002,0,0
20/10/2002,0,0
21/10/2002,0,0
22/10/2002,0,0
23/10/2002,0,0
24/10/2002,0,0
25/10/2002,0,0
26/10/2002,0,0
27/10/2002,0,0
28/10/2002,0,0
29/10/2002,0,0
30/10/2002,0,0
31/10/2002,0,0
01/11/2002,0,0
02/11/2002,0,0
03/11/2002,0,0
04/11/2002,0,0
05/11/2002,0,0
06/11/2002,0,0
07/11/2002,0,0
08/11/2002,0,0
09/11/2002,0,0
10/11/2002,0,0
11/11/2002,0,0
12/11/2002,0,0
13/11/2002,0,0
14/11/2002,0,0
15/11/2002,0,0
16/11/2002,0,0
17/11/2002,0,0
18/11/2002,0,0
19/11/2002,0,0
20/11/2002,0,0
21/11/2002,0,0
22/11/2002,0,0
23/11/2002,0,0
24/11/2002,0,0
25/11/2002,0,0
26/11/2002,0,0
27/11/2002,0,0
28/11/2002,0,0
29/11/2002,0,0
30/11/2002,0,0
01/12/2002,0,0
02/12/2002,0,0
03/12/2002,0,0
04/12/2002,0,0
05/12/2002,0,0
06/12/2002,0,0
07/12/2002,0,0
08/12/2002,0,0
09/12/2002,0,0
10/12/2002,0,0
11/12/2002,0,0
12/12/2002,0,0
13/12/2002,0,0
14/12/2002,0,0
15/12/2002,0,0
16/12/2002,0,0
17/12/2002,0,0
18/12/2002,0,0
19/12/2002,0,0
20/12/2002,0,0
21/12/2002,0,0
22/12/2002,0,0
23/12/2002,0,0
24/12/2002,0,0
25/12/2002,0,0
26/12/2002,0,0
27/12/2002,0,0
28/12/2002,0,0
29/12/2002,0,0
30/12/2002,0,0
31/12/2002,0,0
01/01/2003,0,0
02/01/2003,0,0
03/01/2003,0,0
04/01/2003,0,0
05/01/2003,0,0
06/01/2003,0,0
07/01/2003,0,0
08/01/2003,0,0
09/01/2003,0,0
10/01/2003,0,0
11/01/2003,0,0
12/01/2003,0,0
13/01/2003,0,0
14/01/2003,0,0
15/01/2003,0,0
16/01/2003,0,0
17/01/2003,0,0
18/01/2003,0,0
19/01/2003,0,0
20/01/2003,0,0
21/01/2003,0,0
22/01/2003,0,0
23/01/2003,0,0
24/01/2003,0,0
25/01/2003,0,0
26/01/2003,0,0
27/01/2003,0,0
28/01/2003,0,0
29/01/2003,0,0
30/01/2003,0,0
31/01/2003,0,0
01/02/2003,0,0
02/02/2003,0,0
03/02/2003,0,0.093720907
04/02/2003,0,0
05/02/2003,0,0.28842247951598393
06/02/2003,0,0
07/02/2003,0,0
08/02/2003,0,0
09/02/2003,0,1.2454833629585447
10/02/2003,0,0.3571527742204212
11/02/2003,0,0.005009266
12/02/2003,0,0.073661383
13/02/2003,0,0
14/02/2003,0,0
15/02/2003,0,0
16/02/2003,0,0
17/02/2003,0,0.020975821074985322
18/02/2003,0,0.757101236
19/02/2003,0,0
20/02/2003,0,0
21/02/2003,0,0
22/02/2003,0,0
23/02/2003,0,0
24/02/2003,0,0
25/02/2003,0,0
26/02/2003,0,0
27/02/2003,0,0
28/02/2003,0,0
01/03/2003,0,0
02/03/2003,0,0
03/03/2003,0,0
04/03/2003,0,0
05/03/2003,0,0
06/03/2003,0,0
07/03/2003,0,0
08/03/2003,0,0
09/03/2003,0,0
10/03/2003,0,0
11/03/2003,0,0.030526343
12/03/2003,0,0
13/03/2003,0,0.028301308552424114
14/03/2003,0,0
15/03/2003,0,0
16/03/2003,0,3.433891795
17/03/2003,0,12.961895227432251
18/03/2003,0,6.777065033004398
19/03/2003,0,0
20/03/2003,0,0.6292033919266292
21/03/2003,0,0
22/03/2003,0,0
23/03/2003,0,0
24/03/2003,0,0.025868625867934453
25/03/2003,0,0.004969289
26/03/2003,0,2.6002268564133417
27/03/2003,0,0.22583320311137609
28/03/2003,0,0
29/03/2003,0,2.2886731383346377
30/03/2003,0,0
31/03/2003,0,0
01/04/2003,0,0
02/04/2003,0,0
03/04/2003,0,0
04/04/2003,0,0
05/04/2003,0,0
06/04/2003,0,0
07/04/2003,0,2.905124450013751
08/04/2003,0,0.005907009
09/04/2003,0,0.4512476044751349
10/04/2003,0,0.17001634871675855
11/04/2003,0,0.2833605756362279
12/04/2003,0,0
13/04/2003,0,0
14/04/2003,0,0.072899302
15/04/2003,0,0.11846136337234861
16/04/2003,0,0
17/04/2003,0,0
18/04/2003,0,0
19/04/2003,0,0
20/04/2003,0,0.16605800957906813
21/04/2003,0,0
22/04/2003,0,0
23/04/2003,0,0
24/04/2003,0,0
25/04/2003,0,0.015344869877610887
26/04/2003,0,0
27/04/2003,0,0
28/04/2003,0,0.008348776
29/04/2003,0,0.11243054057870593
30/04/2003,0,0.4292699247598648
01/05/2003,0,0
02/05/2003,0,0.00635258
03/05/2003,0,0
04/05/2003,0,0
05/05/2003,0,0
06/05/2003,0,0
07/05/2003,0,0
08/05/2003,0,0
09/05/2003,0,0
10/05/2003,0,0
11/05/2003,0,0
12/05/2003,0,0
13/05/2003,0,0
14/05/2003,0,0
15/05/2003,0,0
16/05/2003,0,0
17/05/2003,0,0
18/05/2003,0,0
19/05/2003,0,0
20/05/2003,0,0
21/05/2003,0,0
22/05/2003,0,0
23/05/2003,0,0
24/05/2003,0,0
25/05/2003,0,0
26/05/2003,0,0
27/05/2003,0,0
28/05/2003,0,0
29/05/2003,0,0
30/05/2003,0,0
31/05/2003,0,0
01/06/2003,0,0
02/06/2003,0,0
03/06/2003,0,0
04/06/2003,0,0.007569744
05/06/2003,0,1.7999020594926107
06/06/2003,0,0
07/06/2003,0,0
08/06/2003,0,0
09/06/2003,0,0.23415962642147428
10/06/2003,0,0
11/06/2003,0,0
12/06/2003,0,5.158519925106139
13/06/2003,0,4.415417675815878
14/06/2003,0,7.387261946996053
15/06/2003,0,1.9790201470965432
16/06/2003,0,0.41841861321812585
17/06/2003,0,0.080637751
18/06/2003,0,18.082661804698763
19/06/2003,0,2.808952735
20/06/2003,0,0.092833592
21/06/2003,0,0.14523494491974512
22/06/2003,0,0
23/06/2003,0,2.9304818354901814
24/06/2003,0,6.9892599781354265
25/06/2003,0,20.477743489401682
26/06/2003,0,15.263755344209217
27/06/2003,0,4.194647085098993
28/06/2003,0,2.5593387541316805
29/06/2003,0,11.39470964102518
30/06/2003,0,1.1792126411483401
01/07/2003,0,18.63855069875717
02/07/2003,0,1.947801064167704
03/07/2003,0,0.7042149837527957
04/07/2003,0,7.3594847066061835
05/07/2003,0,10.612911349251156
06/07/2003,0,11.414497875031971
07/07/2003,0,14.750539893195743
08/07/2003,0,3.969428234157108
09/07/2003,0,2.298168863568987
10/07/2003,0,26.355062257675897
11/07/2003,0,27.199918349583943
12/07/2003,0,9.687603201184954
13/07/2003,0,1.1909634101958502
14/07/2003,0,7.068438433465504
15/07/2003,0,23.426197415306454
16/07/2003,0,6.397257241819586
17/07/2003,0,20.950037184215727
18/07/2003,0,10.350780861718315
19/07/2003,0,40.985454423086985
20/07/2003,0,18.02616312390282
21/07/2003,0,26.812296844664075
22/07/2003,0,17.776935827164422
23/07/2003,0,23.87147703624907
24/07/2003,0,33.277430080232165
25/07/2003,0,31.707849820454914
26/07/2003,0,22.65660372234526
27/07/2003,0,28.716134814988997
28/07/2003,0,12.463132211140223
29/07/2003,0,0.024254371
30/07/2003,0,0.007453935
31/07/2003,0,0.054932827750841774
01/08/2003,0,23.077444729350862
02/08/2003,0,41.62900111788795
03/08/2003,0,19.73500064441136
04/08/2003,0,14.233730565933953
05/08/2003,0,25.449120566958474
06/08/2003,0,7.130438331337202
07/08/2003,0,25.888821295329503
08/08/2003,0,12.457388117199852
09/08/2003,0,5.506885443
10/08/2003,0,12.10494915502412
11/08/2003,0,6.622818475677853
12/08/2003,0,9.480932122185116
13/08/2003,0,8.587618702933902
14/08/2003,0,22.19693156651088
15/08/2003,0,16.022695359729585
16/08/2003,0,0.3583939565079553
17/08/2003,0,0.4631202043521972
18/08/2003,0,4.384822152909779
19/08/2003,0,6.0030240671975275
20/08/2003,0,0.9133479492295355
21/08/2003,0,2.379071601799556
22/08/2003,0,25.8451274
23/08/2003,0,81.04787164
24/08/2003,0,8.482667323
25/08/2003,0,0.1708805514943032
26/08/2003,0,0.5353395062543097
27/08/2003,0,44.915322621663414
28/08/2003,0,58.984335127330965
29/08/2003,0,35.379477374610445
30/08/2003,0,10.607418707438878
31/08/2003,0,2.6654352620244026
01/09/2003,0,1.7815255721410115
02/09/2003,0,52.223775227864586
03/09/2003,0,12.20314587865557
04/09/2003,0,0.7584931382111141
05/09/2003,0,1.3786100028526216
06/09/2003,0,15.848536590735117
07/09/2003,0,24.718260674249557
08/09/2003,0,10.039300786597389
09/09/2003,0,2.4067854356198084
10/09/2003,0,6.165403468268258
11/09/2003,0,0.9702246785163879
12/09/2003,0,2.819870058979307
13/09/2003,0,13.251548740125838
14/09/2003,0,5.227653313960348
15/09/2003,0,1.2060476896308718
16/09/2003,0,1.089291736483574
17/09/2003,0,0.23797588972818284
18/09/2003,0,1.900159056697573
19/09/2003,0,18.645620346069336
20/09/2003,0,8.875001283
21/09/2003,0,1.3116534182003565
22/09/2003,0,5.237487905791828
23/09/2003,0,2.2178661837464286
24/09/2003,0,3.9393167240279063
25/09/2003,0,8.636113315111114
26/09/2003,0,15.871190241404943
27/09/2003,0,13.381858269373575
28/09/2003,0,18.509751485217187
29/09/2003,0,5.068365649098442
30/09/2003,0,0.077112804
01/10/2003,0,2.745512373390652
02/10/2003,0,1.3856691022713978
03/10/2003,0,1.6273683437279292
04/10/2003,0,0.24675259916555314
05/10/2003,0,3.254256410258157
06/10/2003,0,1.3078692101296925
07/10/2003,0,11.970581645057315
08/10/2003,0,52.92981556483677
09/10/2003,0,18.362408410935174
10/10/2003,0,0.9652420828739802
11/10/2003,0,0
12/10/2003,0,0
13/10/2003,0,0
14/10/2003,0,0
15/10/2003,0,0
16/10/2003,0,0
17/10/2003,0,0
18/10/2003,0,0.19277958500952946
19/10/2003,0,0.034167239
20/10/2003,0,0.5328603386878967
21/10/2003,0,1.0055433330791337
22/10/2003,0,5.528989749295371
23/10/2003,0,28.30844513575236
24/10/2003,0,28.44541440691267
25/10/2003,0,22.797882165937196
26/10/2003,0,0.2884779671827952
27/10/2003,0,0
28/10/2003,0,0
29/10/2003,0,0.4871296542031424
30/10/2003,0,0
31/10/2003,0,0
01/11/2003,0,0.7599884598028093
02/11/2003,0,0
03/11/2003,0,0
04/11/2003,0,0
05/11/2003,0,0
06/11/2003,0,0
07/11/2003,0,0
08/11/2003,0,0
09/11/2003,0,0
10/11/2003,0,0
11/11/2003,0,0
12/11/2003,0,0
13/11/2003,0,0
14/11/2003,0,0
15/11/2003,0,0
16/11/2003,0,0
17/11/2003,0,0
18/11/2003,0,0
19/11/2003,0,0
20/11/2003,0,0
21/11/2003,0,0
22/11/2003,0,0
23/11/2003,0,0
24/11/2003,0,0
25/11/2003,0,0
26/11/2003,0,0
27/11/2003,0,0
28/11/2003,0,0
29/11/2003,0,0
30/11/2003,0,0
01/12/2003,0,0
02/12/2003,0,0
03/12/2003,0,0
04/12/2003,0,0
05/12/2003,0,0
06/12/2003,0,0
07/12/2003,0,0
08/12/2003,0,0
09/12/2003,0,0
10/12/2003,0,0
11/12/2003,0,0
12/12/2003,0,0
13/12/2003,0,0
14/12/2003,0,0
15/12/2003,0,0.019767287231626966
16/12/2003,0,6.789691346032279
17/12/2003,0,1.0141031231198991
18/12/2003,0,0
19/12/2003,0,0
20/12/2003,0,0
21/12/2003,0,0
22/12/2003,0,0
23/12/2003,0,0
24/12/2003,0,0
25/12/2003,0,0
26/12/2003,0,0
27/12/2003,0,0.060707902
28/12/2003,0,1.0727868860676175
29/12/2003,0,0
30/12/2003,0,0
31/12/2003,0,0
01/01/2004,0,0
02/01/2004,0,0
03/01/2004,0,0
04/01/2004,0,0
05/01/2004,0,0
06/01/2004,0,0
07/01/2004,0,0
08/01/2004,0,0
09/01/2004,0,0
10/01/2004,0,0
11/01/2004,0,0
12/01/2004,0,0.011305822502999078
13/01/2004,0,0.016594031027385166
14/01/2004,0,0
15/01/2004,0,0
16/01/2004,0,0
17/01/2004,0,0
18/01/2004,0,0
19/01/2004,0,0
20/01/2004,0,0
21/01/2004,0,0
22/01/2004,0,0
23/01/2004,0,0
24/01/2004,0,25.828565847306024
25/01/2004,0,3.611566435723078
26/01/2004,0,0.050027484
27/01/2004,0,0.5869233374084745
28/01/2004,0,0
29/01/2004,0,0
30/01/2004,0,1.652658346153441
31/01/2004,0,4.0406972879455205
01/02/2004,0,0.8884943581762768
02/02/2004,0,0
03/02/2004,0,0
04/02/2004,0,0
05/02/2004,0,0
06/02/2004,0,0.17240660673096067
07/02/2004,0,0
08/02/2004,0,0
09/02/2004,0,0
10/02/2004,0,0
11/02/2004,0,0
12/02/2004,0,0
13/02/2004,0,0
14/02/2004,0,0
15/02/2004,0,0
16/02/2004,0,0
17/02/2004,0,0
18/02/2004,0,0
19/02/2004,0,0
20/02/2004,0,0
21/02/2004,0,0
22/02/2004,0,0
23/02/2004,0,0
24/02/2004,0,0
25/02/2004,0,0
26/02/2004,0,0
27/02/2004,0,0
28/02/2004,0,0
29/02/2004,0,0
01/03/2004,0,0
02/03/2004,0,0
03/03/2004,0,0
04/03/2004,0,0
05/03/2004,0,0
06/03/2004,0,0
07/03/2004,0,0
08/03/2004,0,0
09/03/2004,0,0
10/03/2004,0,0
11/03/2004,0,0
12/03/2004,0,0
13/03/2004,0,0
14/03/2004,0,0
15/03/2004,0,0
16/03/2004,0,0
17/03/2004,0,0
18/03/2004,0,0
19/03/2004,0,0
20/03/2004,0,0
21/03/2004,0,0
22/03/2004,0,0
23/03/2004,0,0
24/03/2004,0,0
25/03/2004,0,0
26/03/2004,0,0
27/03/2004,0,0
28/03/2004,0,0
29/03/2004,0,0
30/03/2004,0,0
31/03/2004,0,0
01/04/2004,0,0
02/04/2004,0,0
03/04/2004,0,0
04/04/2004,0,0
05/04/2004,0,0
06/04/2004,0,0
07/04/2004,0,0
08/04/2004,0,0
09/04/2004,0,0
10/04/2004,0,0
11/04/2004,0,0
12/04/2004,0,0
13/04/2004,0,0
14/04/2004,0,0
15/04/2004,0,0
16/04/2004,0,0
17/04/2004,0,0
18/04/2004,0,0
19/04/2004,0,0
20/04/2004,0,0
21/04/2004,0,0
22/04/2004,0,0
23/04/2004,0,0
24/04/2004,0,0.3641638613882519
25/04/2004,0,1.4310834947086515
26/04/2004,0,0
27/04/2004,0,0
28/04/2004,0,0
29/04/2004,0,0
30/04/2004,0,0
01/05/2004,0,0
02/05/2004,0,0.5462457608608973
03/05/2004,0,0
04/05/2004,0,0.18496041638510569
05/05/2004,0,1.8492052753766377
06/05/2004,0,0
07/05/2004,0,0
08/05/2004,0,0
09/05/2004,0,0
10/05/2004,0,0
11/05/2004,0,0
12/05/2004,0,0.078112307
13/05/2004,0,0
14/05/2004,0,0
15/05/2004,0,0.7648086207253593
16/05/2004,0,0.8568561162267413
17/05/2004,0,1.3064801121751468
18/05/2004,0,0.13275571451300666
19/05/2004,0,0
20/05/2004,0,0
21/05/2004,0,0
22/05/2004,0,0
23/05/2004,0,0
24/05/2004,0,0
25/05/2004,0,0
26/05/2004,0,0.37734240009671166
27/05/2004,0,0
28/05/2004,0,0
29/05/2004,0,0
30/05/2004,0,0
31/05/2004,0,0
01/06/2004,0,0
02/06/2004,0,0.2343403725397019
03/06/2004,0,0.34562944727284567
04/06/2004,0,0.16370364597865514
05/06/2004,0,2.092937962
06/06/2004,0,0.7181061307589213
07/06/2004,0,0.3475415486664999
08/06/2004,0,0.1698791640145438
09/06/2004,0,0.4345335917813437
10/06/2004,0,6.4365926413309005
11/06/2004,0,2.2016858493997935
12/06/2004,0,1.8927248056445802
13/06/2004,0,18.156017750501633
14/06/2004,0,69.73543114
15/06/2004,0,26.994089495568048
16/06/2004,0,2.187089600023769
17/06/2004,0,3.194402799719856
18/06/2004,0,1.2228446893748783
19/06/2004,0,1.779290334099815
20/06/2004,0,0
21/06/2004,0,0
22/06/2004,0,0
23/06/2004,0,0
24/06/2004,0,0
25/06/2004,0,0
26/06/2004,0,0
27/06/2004,0,0.13044226950123197
28/06/2004,0,5.962825187614986
29/06/2004,0,0.6356135606765747
30/06/2004,0,3.398663816707475
01/07/2004,0,8.019856214523315
02/07/2004,0,12.695755087193989
03/07/2004,0,8.515709936618805
04/07/2004,0,6.819154627975964
05/07/2004,0,0.8491296512739999
06/07/2004,0,0.2853073477745056
07/07/2004,0,6.751438208988735
08/07/2004,0,1.0351019217854454
09/07/2004,0,1.9019860738799685
10/07/2004,0,1.700349434500649
11/07/2004,0,2.703569288764681
12/07/2004,0,3.6989438292526065
13/07/2004,0,3.0325474710691545
14/07/2004,0,18.788746243431454
15/07/2004,0,14.823656797409058
16/07/2004,0,25.39299846830822
17/07/2004,0,12.851880864018487
18/07/2004,0,8.745585963839577
19/07/2004,0,7.864801648117247
20/07/2004,0,2.3240345333303725
21/07/2004,0,0.7625968530774117
22/07/2004,0,15.824787293161664
23/07/2004,0,12.673738322087697
24/07/2004,0,10.808977975731803
25/07/2004,0,5.085748019672575
26/07/2004,0,15.272337062018257
27/07/2004,0,17.944192159743537
28/07/2004,0,17.228500258354913
29/07/2004,0,24.85165868486677
30/07/2004,0,9.807532554581051
31/07/2004,0,9.730229168420745
01/08/2004,0,1.3536290937945956
02/08/2004,0,2.9745741394304095
03/08/2004,0,3.654682817913237
04/08/2004,0,45.61425613221668
05/08/2004,0,46.786744571867445
06/08/2004,0,9.528629031
07/08/2004,0,23.64468224843343
08/08/2004,0,38.09503291902088
09/08/2004,0,23.99703532
10/08/2004,0,41.63826170421782
11/08/2004,0,28.15929717109317
12/08/2004,0,11.015856958570934
13/08/2004,0,12.197696958269391
14/08/2004,0,1.6206059455871582
15/08/2004,0,2.1893575077965144
16/08/2004,0,1.207899693931852
17/08/2004,0,1.3393412260782152
18/08/2004,0,1.2276442824375062
19/08/2004,0,4.2299084549858454
20/08/2004,0,15.035262119202386
21/08/2004,0,42.108502092815584
22/08/2004,0,48.937736238752095
23/08/2004,0,83.1303368
24/08/2004,0,2.1022807274545943
25/08/2004,0,1.5009102722009022
26/08/2004,0,1.816778417144503
27/08/2004,0,2.97245141
28/08/2004,0,0.14796833481107438
29/08/2004,0,0
30/08/2004,0,0
31/08/2004,0,0
01/09/2004,0,0.43006884093795505
02/09/2004,0,0.018888839
03/09/2004,0,3.5554241999274208
04/09/2004,0,12.904618467603411
05/09/2004,0,11.008727783248538
06/09/2004,0,8.981569199335008
07/09/2004,0,5.227156122525533
08/09/2004,0,3.5917433613822576
09/09/2004,0,1.082323784629504
10/09/2004,0,0.9561789897935731
11/09/2004,0,3.687174611
12/09/2004,0,6.145264800815355
13/09/2004,0,0.2638560845738366
14/09/2004,0,6.714293943
15/09/2004,0,12.272705075286684
16/09/2004,0,0.5528010541484469
17/09/2004,0,0.19749819629249118
18/09/2004,0,0.014551435198102678
19/09/2004,0,3.2358216231777552
20/09/2004,0,2.389941978312674
21/09/2004,0,8.159416542166756
22/09/2004,0,2.898968648
23/09/2004,0,0.027024373412132263
24/09/2004,0,2.6527488345191594
25/09/2004,0,3.685709378549031
26/09/2004,0,17.740511922609237
27/09/2004,0,2.6042887412366413
28/09/2004,0,10.738204538822174
29/09/2004,0,3.038808206717173
30/09/2004,0,0.5399578533002308
01/10/2004,0,0.6658398150688126
02/10/2004,0,1.8083328711135047
03/10/2004,0,0.33386249201638357
04/10/2004,0,3.1972431923661913
05/10/2004,0,7.272868216
06/10/2004,0,9.095105126
07/10/2004,0,0.09380513
08/10/2004,0,0.11543997341678255
09/10/2004,0,0
10/10/2004,0,0
11/10/2004,0,0
12/10/2004,0,7.766681143215725
13/10/2004,0,4.840715712025052
14/10/2004,0,1.116505062296277
15/10/2004,0,0
16/10/2004,0,0.009432429
17/10/2004,0,0
18/10/2004,0,0
19/10/2004,0,0
20/10/2004,0,0
21/10/2004,0,0
22/10/2004,0,0
23/10/2004,0,0
24/10/2004,0,0
25/10/2004,0,2.147983182044256
26/10/2004,0,0
27/10/2004,0,0
28/10/2004,0,0
29/10/2004,0,0
30/10/2004,0,0
31/10/2004,0,0
01/11/2004,0,0
02/11/2004,0,0
03/11/2004,0,0
04/11/2004,0,0
05/11/2004,0,0
06/11/2004,0,0
07/11/2004,0,0
08/11/2004,0,0
09/11/2004,0,0
10/11/2004,0,0.2316390872001648
11/11/2004,0,0
12/11/2004,0,0
13/11/2004,0,0
14/11/2004,0,0
15/11/2004,0,0.066585747
16/11/2004,0,0
17/11/2004,0,0
18/11/2004,0,0
19/11/2004,0,0
20/11/2004,0,0
21/11/2004,0,0
22/11/2004,0,0
23/11/2004,0,0
24/11/2004,0,0
25/11/2004,0,0
26/11/2004,0,0
27/11/2004,0,0
28/11/2004,0,0
29/11/2004,0,0
30/11/2004,0,0
01/12/2004,0,0
02/12/2004,0,0
03/12/2004,0,0
04/12/2004,0,0
05/12/2004,0,0
06/12/2004,0,0
07/12/2004,0,0
08/12/2004,0,0
09/12/2004,0,0
10/12/2004,0,0
11/12/2004,0,0
12/12/2004,0,0
13/12/2004,0,0
14/12/2004,0,0
15/12/2004,0,0
16/12/2004,0,0
17/12/2004,0,0
18/12/2004,0,0
19/12/2004,0,0
20/12/2004,0,0
21/12/2004,0,0
22/12/2004,0,0
23/12/2004,0,0
24/12/2004,0,0
25/12/2004,0,0
26/12/2004,0,0
27/12/2004,0,0
28/12/2004,0,0
29/12/2004,0,0
30/12/2004,0,0
31/12/2004,0,0
01/01/2005,0,0
02/01/2005,0,0
03/01/2005,0,0
04/01/2005,0,0
05/01/2005,0,0
06/01/2005,0,0
07/01/2005,0,0
08/01/2005,0,0
09/01/2005,0,0
10/01/2005,0,0
11/01/2005,0,0
12/01/2005,0,0
13/01/2005,0,0
14/01/2005,0,0
15/01/2005,0,0
16/01/2005,0,0
17/01/2005,0,0
18/01/2005,0,0.14141889697029478
19/01/2005,0,0
20/01/2005,0,0
21/01/2005,0,0
22/01/2005,0,0.1672891541605904
23/01/2005,0,0.097746359
24/01/2005,0,0.148685261
25/01/2005,0,0.34873690207799274
26/01/2005,0,0.058701557772500176
27/01/2005,0,24.382636206490652
28/01/2005,0,7.09195243
29/01/2005,0,16.32950536410014
30/01/2005,0,34.26209150041853
31/01/2005,0,6.926501137869699
01/02/2005,0,14.020566940307617
02/02/2005,0,0
03/02/2005,0,0
04/02/2005,0,0
05/02/2005,0,0
06/02/2005,0,0
07/02/2005,0,0
08/02/2005,0,0
09/02/2005,0,0
10/02/2005,0,0
11/02/2005,0,0
12/02/2005,0,0
13/02/2005,0,0
14/02/2005,0,0
15/02/2005,0,0
16/02/2005,0,0
17/02/2005,0,0
18/02/2005,0,0
19/02/2005,0,0
20/02/2005,0,0
21/02/2005,0,0
22/02/2005,0,0
23/02/2005,0,0
24/02/2005,0,0
25/02/2005,0,0
26/02/2005,0,0
27/02/2005,0,0
28/02/2005,0,0
01/03/2005,0,0
02/03/2005,0,0
03/03/2005,0,0
04/03/2005,0,0
05/03/2005,0,0
06/03/2005,0,0
07/03/2005,0,0
08/03/2005,0,0
09/03/2005,0,0.8795250817423775
10/03/2005,0,0.5427154018765404
11/03/2005,0,0.004772848
12/03/2005,0,0.004908683
13/03/2005,0,0
14/03/2005,0,0
15/03/2005,0,0
16/03/2005,0,0
17/03/2005,0,0
18/03/2005,0,0
19/03/2005,0,0
20/03/2005,0,0
21/03/2005,0,0
22/03/2005,0,0
23/03/2005,0,0
24/03/2005,0,0
25/03/2005,0,0
26/03/2005,0,0
27/03/2005,0,0
28/03/2005,0,0
29/03/2005,0,0
30/03/2005,0,0
31/03/2005,0,0
01/04/2005,0,0
02/04/2005,0,0
03/04/2005,0,0
04/04/2005,0,0
05/04/2005,0,0
06/04/2005,0,0
07/04/2005,0,0
08/04/2005,0,0
09/04/2005,0,0
10/04/2005,0,2.386630952358246
11/04/2005,0,0
12/04/2005,0,0
13/04/2005,0,0
14/04/2005,0,1.0971293697754543
15/04/2005,0,0.3966813470636095
16/04/2005,0,8.394920015618915
17/04/2005,0,0.052052473
18/04/2005,0,0
19/04/2005,0,0
20/04/2005,0,0
21/04/2005,0,0.31796310416289736
22/04/2005,0,0
23/04/2005,0,0
24/04/2005,0,0.29254655894779025
25/04/2005,0,0
26/04/2005,0,0.9510314152354286
27/04/2005,0,0.18873971700668335
28/04/2005,0,0.4929236588733537
29/04/2005,0,0.3831345733432543
30/04/2005,0,0.9769387408381417
01/05/2005,0,9.910752001262846
02/05/2005,0,3.541983896068164
03/05/2005,0,2.471954308450222
04/05/2005,0,0.4040057006336394
05/05/2005,0,0.15124674354280745
06/05/2005,0,0
07/05/2005,0,0.4153039086432684
08/05/2005,0,0.33038341999053955
09/05/2005,0,0
10/05/2005,0,0
11/05/2005,0,0
12/05/2005,0,0
13/05/2005,0,0
14/05/2005,0,0.12311667203903198
15/05/2005,0,0.9079306551388332
16/05/2005,0,0.1651113090061006
17/05/2005,0,0
18/05/2005,0,0.6140531812395368
19/05/2005,0,0.039312219335919336
20/05/2005,0,0.039312219335919336
21/05/2005,0,0.021932792095910935
22/05/2005,0,1.8314812289816993
23/05/2005,0,0
24/05/2005,0,1.0240788438490458
25/05/2005,0,0.3616724127814883
26/05/2005,0,0.3586395067118463
27/05/2005,0,1.548529172227496
28/05/2005,0,5.077238210609981
29/05/2005,0,0.41737126452582224
30/05/2005,0,2.4808813603151414
31/05/2005,0,0
01/06/2005,0,0
02/06/2005,0,5.515923644105594
03/06/2005,0,0
04/06/2005,0,0
05/06/2005,0,0
06/06/2005,0,0
07/06/2005,0,3.9050482972746803
08/06/2005,0,0
09/06/2005,0,0
10/06/2005,0,0
11/06/2005,0,0.2532683660586675
12/06/2005,0,0
13/06/2005,0,0
14/06/2005,0,0
15/06/2005,0,0.087216032
16/06/2005,0,0.006427226
17/06/2005,0,1.5372414255426043
18/06/2005,0,9.142619168
19/06/2005,0,0.40905817775499254
20/06/2005,0,7.974434990968023
21/06/2005,0,6.137724424
22/06/2005,0,25.642579875531652
23/06/2005,0,33.124781324749904
24/06/2005,0,6.626387791264625
25/06/2005,0,9.502417927696591
26/06/2005,0,19.76421556018648
27/06/2005,0,17.660205477759952
28/06/2005,0,22.823973315102712
29/06/2005,0,17.307039113271806
30/06/2005,0,24.37222482193084
01/07/2005,0,17.991911422638665
02/07/2005,0,11.953636237553187
03/07/2005,0,9.176951338847479
04/07/2005,0,14.445803369794573
05/07/2005,0,21.669060184842063
06/07/2005,0,13.429647854396276
07/07/2005,0,2.065205089393116
08/07/2005,0,30.734833036150253
09/07/2005,0,4.489569226545947
10/07/2005,0,8.907875197274345
11/07/2005,0,6.122730709
12/07/2005,0,12.219595307395572
13/07/2005,0,3.0164484069460915
14/07/2005,0,1.358541597922643
15/07/2005,0,3.2501614970110713
16/07/2005,0,5.074860203833807
17/07/2005,0,1.276245347
18/07/2005,0,6.084165733484995
19/07/2005,0,6.049942164194016
20/07/2005,0,6.8722470842656636
21/07/2005,0,6.847660804078693
22/07/2005,0,12.318487215609778
23/07/2005,0,16.759570235297794
24/07/2005,0,12.411499114263625
25/07/2005,0,30.541166850498744
26/07/2005,0,19.618106342497327
27/07/2005,0,9.096343409447442
28/07/2005,0,2.2310403400943395
29/07/2005,0,6.965877266157241
30/07/2005,0,0.4334893414661998
31/07/2005,0,41.598964827401296
01/08/2005,0,12.791999657948812
02/08/2005,0,16.09261167049408
03/08/2005,0,1.9424318380299068
04/08/2005,0,32.06421584174747
05/08/2005,0,40.514511562529066
06/08/2005,0,23.25893808830352
07/08/2005,0,7.0492001715160555
08/08/2005,0,0.920609475
09/08/2005,0,4.8859086490812755
10/08/2005,0,0.036915745053972514
11/08/2005,0,0.3616365655547097
12/08/2005,0,1.1301872240645545
13/08/2005,0,1.0157736915917623
14/08/2005,0,1.2316537300745647
15/08/2005,0,1.6231060358030456
16/08/2005,0,15.362403381438483
17/08/2005,0,6.111806994392758
18/08/2005,0,2.331237174215771
19/08/2005,0,36.54960468837193
20/08/2005,0,26.79028758548555
21/08/2005,0,14.360494818006243
22/08/2005,0,18.980751809619722
23/08/2005,0,4.290250080681982
24/08/2005,0,4.431778610462234
25/08/2005,0,0.14314783896718705
26/08/2005,0,0
27/08/2005,0,0
28/08/2005,0,0.069431232
29/08/2005,0,0
30/08/2005,0,0.086642255
31/08/2005,0,0.10929498360270545
01/09/2005,0,1.0455813979109128
02/09/2005,0,1.1715753440346037
03/09/2005,0,8.695446219
04/09/2005,0,7.446411195255461
05/09/2005,0,6.032541986732256
06/09/2005,0,0.4206215207065855
07/09/2005,0,0.088716594
08/09/2005,0,5.935865864867256
09/09/2005,0,1.8277339012849898
10/09/2005,0,0.9458972981997898
11/09/2005,0,4.899215068135943
12/09/2005,0,36.23072229112898
13/09/2005,0,74.98950701668149
14/09/2005,0,47.02709043593634
15/09/2005,0,23.61966820557912
16/09/2005,0,0.6253214379151663
17/09/2005,0,1.7493766322731972
18/09/2005,0,0.11062109825156984
19/09/2005,0,28.635132244655065
20/09/2005,0,5.8201368649800616
21/09/2005,0,4.373834697973161
22/09/2005,0,1.657103507291703
23/09/2005,0,0.8429243124666668
24/09/2005,0,5.864353392805372
25/09/2005,0,0.5887879317715055
26/09/2005,0,1.326734252628826
27/09/2005,0,0
28/09/2005,0,0.13090408345063528
29/09/2005,0,0.25198273076897576
30/09/2005,0,0.21130626116480147
01/10/2005,0,0.10565313058240074
02/10/2005,0,0
03/10/2005,0,0
04/10/2005,0,0
05/10/2005,0,0.2555846866397631
06/10/2005,0,0.1469560925449644
07/10/2005,0,0
08/10/2005,0,0
09/10/2005,0,0
10/10/2005,0,0
11/10/2005,0,0
12/10/2005,0,0
13/10/2005,0,0.8867366172018505
14/10/2005,0,7.086254968529656
15/10/2005,0,12.502772623584384
16/10/2005,0,9.488947906664439
17/10/2005,0,3.465192960841315
18/10/2005,0,5.830070620491391
19/10/2005,0,0.25767721022878376
20/10/2005,0,0.39675801673105787
21/10/2005,0,1.3663836866617203
22/10/2005,0,0.064765648
23/10/2005,0,1.7377133951300667
24/10/2005,0,0.5933082344986144
25/10/2005,0,13.175969697180248
26/10/2005,0,0.3618616202757472
27/10/2005,0,0
28/10/2005,0,0
29/10/2005,0,0.17608855168024698
30/10/2005,0,0
31/10/2005,0,0.5629042280571801
01/11/2005,0,0.43471521884202957
02/11/2005,0,0.105201998
03/11/2005,0,0
04/11/2005,0,0.16941465650285994
05/11/2005,0,0
06/11/2005,0,0
07/11/2005,0,0
08/11/2005,0,0
09/11/2005,0,0
10/11/2005,0,0
11/11/2005,0,0
12/11/2005,0,0
13/11/2005,0,0
14/11/2005,0,0
15/11/2005,0,0
16/11/2005,0,0
17/11/2005,0,0
18/11/2005,0,0
19/11/2005,0,0
20/11/2005,0,0
21/11/2005,0,0
22/11/2005,0,0
23/11/2005,0,0
24/11/2005,0,0
25/11/2005,0,0
26/11/2005,0,0
27/11/2005,0,0
28/11/2005,0,0
29/11/2005,0,0
30/11/2005,0,0
01/12/2005,0,0
02/12/2005,0,0
03/12/2005,0,0.20815649273849668
04/12/2005,0,0
05/12/2005,0,0
06/12/2005,0,0
07/12/2005,0,0
08/12/2005,0,0
09/12/2005,0,0
10/12/2005,0,0.4117914246661322
11/12/2005,0,0.21311262178988682
12/12/2005,0,0
13/12/2005,0,0
14/12/2005,0,0
15/12/2005,0,0
16/12/2005,0,0
17/12/2005,0,0
18/12/2005,0,0
19/12/2005,0,0
20/12/2005,0,0
21/12/2005,0,0
22/12/2005,0,0.6236945823544547
23/12/2005,0,0
24/12/2005,0,0
25/12/2005,0,0
26/12/2005,0,0
27/12/2005,0,0
28/12/2005,0,0
29/12/2005,0,0
30/12/2005,0,0
31/12/2005,0,0
01/01/2006,0,0
02/01/2006,0,0
03/01/2006,0,0
04/01/2006,0,0
05/01/2006,0,0
06/01/2006,0,0
07/01/2006,0,0
08/01/2006,0,0
09/01/2006,0,0
10/01/2006,0,0
11/01/2006,0,0
12/01/2006,0,0
13/01/2006,0,0
14/01/2006,0,0
15/01/2006,0,0
16/01/2006,0,0
17/01/2006,0,0
18/01/2006,0,0
19/01/2006,0,0
20/01/2006,0,0
21/01/2006,0,0
22/01/2006,0,0
23/01/2006,0,0
24/01/2006,0,0
25/01/2006,0,0
26/01/2006,0,0
27/01/2006,0,0
28/01/2006,0,0
29/01/2006,0,0
30/01/2006,0,0
31/01/2006,0,0
01/02/2006,0,0
02/02/2006,0,0
03/02/2006,0,0
04/02/2006,0,0
05/02/2006,0,0
06/02/2006,0,0
07/02/2006,0,0
08/02/2006,0,0
09/02/2006,0,0
10/02/2006,0,0
11/02/2006,0,0
12/02/2006,0,0
13/02/2006,0,0
14/02/2006,0,0
15/02/2006,0,0
16/02/2006,0,0
17/02/2006,0,0
18/02/2006,0,0
19/02/2006,0,0
20/02/2006,0,0
21/02/2006,0,0
22/02/2006,0,0
23/02/2006,0,0
24/02/2006,0,0
25/02/2006,0,0
26/02/2006,0,0
27/02/2006,0,0
28/02/2006,0,0
01/03/2006,0,0
02/03/2006,0,0
03/03/2006,0,0
04/03/2006,0,0
05/03/2006,0,1.040826786841665
06/03/2006,0,0.2003519648597354
07/03/2006,0,0
08/03/2006,0,0
09/03/2006,0,0
10/03/2006,0,0.49804809547605966
11/03/2006,0,4.855973521158809
12/03/2006,0,12.230366752261208
13/03/2006,0,0.2784354289372762
14/03/2006,0,0.042429035618191675
15/03/2006,0,12.937190810839335
16/03/2006,0,6.450518403734479
17/03/2006,0,3.914598447935922
18/03/2006,0,0
19/03/2006,0,0
20/03/2006,0,0
21/03/2006,0,0
22/03/2006,0,0
23/03/2006,0,0
24/03/2006,0,0
25/03/2006,0,0
26/03/2006,0,0
27/03/2006,0,0
28/03/2006,0,0
29/03/2006,0,0
30/03/2006,0,0
31/03/2006,0,0
01/04/2006,0,0
02/04/2006,0,0
03/04/2006,0,0
04/04/2006,0,0
05/04/2006,0,0
06/04/2006,0,0
07/04/2006,0,0
08/04/2006,0,0
09/04/2006,0,0
10/04/2006,0,0
11/04/2006,0,0
12/04/2006,0,0
13/04/2006,0,1.0363351858797527
14/04/2006,0,2.5157973830189024
15/04/2006,0,3.1533830832867396
16/04/2006,0,1.571209899016789
17/04/2006,0,29.43992349079677
18/04/2006,0,9.274148899174872
19/04/2006,0,0
20/04/2006,0,0
21/04/2006,0,0
22/04/2006,0,0
23/04/2006,0,0
24/04/2006,0,0
25/04/2006,0,0
26/04/2006,0,0
27/04/2006,0,0
28/04/2006,0,0
29/04/2006,0,0
30/04/2006,0,0
01/05/2006,0,0
02/05/2006,0,0
03/05/2006,0,0
04/05/2006,0,0.14456410635085332
05/05/2006,0,1.5467375147910345
06/05/2006,0,0.13823867979503812
07/05/2006,0,0
08/05/2006,0,0
09/05/2006,0,0
10/05/2006,0,0
11/05/2006,0,0
12/05/2006,0,0
13/05/2006,0,0
14/05/2006,0,0
15/05/2006,0,0
16/05/2006,0,0
17/05/2006,0,10.839947683470589
18/05/2006,0,3.056676278511683
19/05/2006,0,10.816679364158993
20/05/2006,0,1.6919978587400346
21/05/2006,0,0
22/05/2006,0,0.029102878911154612
23/05/2006,0,0.069978216
24/05/2006,0,0.09822221
25/05/2006,0,0.061843617
26/05/2006,0,0.260496587
27/05/2006,0,11.070322604406448
28/05/2006,0,0.026528707572392056
29/05/2006,0,0.20847840536208379
30/05/2006,0,0.040016461
31/05/2006,0,0
01/06/2006,0,0
02/06/2006,0,0
03/06/2006,0,0.044390501
04/06/2006,0,1.825329643629846
05/06/2006,0,22.560381094614666
06/06/2006,0,6.710134273483639
07/06/2006,0,1.869195248399462
08/06/2006,0,1.5886567142747698
09/06/2006,0,0.6457551093328566
10/06/2006,0,0
11/06/2006,0,0
12/06/2006,0,0.31061033762636636
13/06/2006,0,0
14/06/2006,0,0.17409215370814005
15/06/2006,0,0
16/06/2006,0,0
17/06/2006,0,0
18/06/2006,0,0
19/06/2006,0,2.901591264775821
20/06/2006,0,3.3258509742362157
21/06/2006,0,0.8973834074678875
22/06/2006,0,12.766352833026932
23/06/2006,0,2.072530257559958
24/06/2006,0,0.1346799653200876
25/06/2006,0,1.6539761984632129
26/06/2006,0,1.590266180180368
27/06/2006,0,0
28/06/2006,0,0.9035478986444927
29/06/2006,0,7.980292348634629
30/06/2006,0,14.686585505803427
01/07/2006,0,19.809381150064013
02/07/2006,0,0.47896829353911535
03/07/2006,0,144.51063537597656
04/07/2006,0,205.6464117140997
05/07/2006,0,17.383166494823637
06/07/2006,0,0.43999519341048743
07/07/2006,0,0
08/07/2006,0,1.7658796218179522
09/07/2006,0,1.0800793766975403
10/07/2006,0,5.014190196990967
11/07/2006,0,3.519447590623583
12/07/2006,0,12.358534665334792
13/07/2006,0,2.8210188434237526
14/07/2006,0,4.957575873250053
15/07/2006,0,13.568500680582863
16/07/2006,0,0.7489607085784277
17/07/2006,0,46.47999550047375
18/07/2006,0,17.02040292961257
19/07/2006,0,2.4902036083596095
20/07/2006,0,3.481756945451101
21/07/2006,0,35.95180720374698
22/07/2006,0,20.010946500869025
23/07/2006,0,4.148597036089216
24/07/2006,0,4.053237357309887
25/07/2006,0,11.502482777550107
26/07/2006,0,37.04163505207924
27/07/2006,0,54.19960355758667
28/07/2006,0,42.57027444385347
29/07/2006,0,13.634951341719855
30/07/2006,0,15.724848520188104
31/07/2006,0,13.194660118647985
01/08/2006,0,3.836888544616245
02/08/2006,0,7.805299509139288
03/08/2006,0,103.00239018031529
04/08/2006,0,72.39864594595772
05/08/2006,0,24.842049712226505
06/08/2006,0,3.556544894973437
07/08/2006,0,7.608208705981572
08/08/2006,0,5.383580386638641
09/08/2006,0,0.21199812669129597
10/08/2006,0,9.184016521487917
11/08/2006,0,7.881652455954325
12/08/2006,0,5.918356616
13/08/2006,0,35.46276344571795
14/08/2006,0,14.756141651244391
15/08/2006,0,4.2373146414756775
16/08/2006,0,6.516184846560161
17/08/2006,0,57.60083416530064
18/08/2006,0,26.41749822525751
19/08/2006,0,2.7241722558225905
20/08/2006,0,0
21/08/2006,0,1.052076055890038
22/08/2006,0,5.001701397555215
23/08/2006,0,29.51724554243542
24/08/2006,0,6.8431317919776555
25/08/2006,0,6.488948350860959
26/08/2006,0,4.820526486351376
27/08/2006,0,3.2751577340421223
28/08/2006,0,9.728090570086525
29/08/2006,0,4.655497698556809
30/08/2006,0,107.09013257707868
31/08/2006,0,53.707586015973774
01/09/2006,0,0.045021626920927135
02/09/2006,0,0.077153744
03/09/2006,0,0
04/09/2006,0,0.8542497619276955
05/09/2006,0,55.579624811808266
06/09/2006,0,5.894855459531148
07/09/2006,0,9.360232664006096
08/09/2006,0,0.036992083702768595
09/09/2006,0,0
10/09/2006,0,8.684531925689607
11/09/2006,0,0.8017830309413728
12/09/2006,0,4.8221312534241445
13/09/2006,0,0.23782821141538166
14/09/2006,0,0.15311339710439956
15/09/2006,0,6.678074590507007
16/09/2006,0,12.403820514678955
17/09/2006,0,11.000218592938923
18/09/2006,0,16.99405409040905
19/09/2006,0,9.475945353507996
20/09/2006,0,8.929083125931877
21/09/2006,0,24.65960677464803
22/09/2006,0,15.865774041130429
23/09/2006,0,2.5799470189071836
24/09/2006,0,1.5821799660722415
25/09/2006,0,0.9050542172931489
26/09/2006,0,0
27/09/2006,0,0
28/09/2006,0,0
29/09/2006,0,0.014146572067624047
30/09/2006,0,103.68536231631325
01/10/2006,0,0.5770684303272338
02/10/2006,0,0.16718216027532304
03/10/2006,0,0.069782474
04/10/2006,0,0.12732509204319545
05/10/2006,0,0
06/10/2006,0,0
07/10/2006,0,0
08/10/2006,0,0
09/10/2006,0,0
10/10/2006,0,0
11/10/2006,0,0
12/10/2006,0,0
13/10/2006,0,0
14/10/2006,0,0
15/10/2006,0,0
16/10/2006,0,0
17/10/2006,0,0
18/10/2006,0,0
19/10/2006,0,0
20/10/2006,0,0
21/10/2006,0,0
22/10/2006,0,0
23/10/2006,0,0
24/10/2006,0,0
25/10/2006,0,0.025465017273312525
26/10/2006,0,0
27/10/2006,0,0
28/10/2006,0,0.39398651960350217
29/10/2006,0,0.26776752301624845
30/10/2006,0,0.070575571
31/10/2006,0,4.389653926094373
01/11/2006,0,17.832478182656423
02/11/2006,0,13.659638018835158
03/11/2006,0,4.136705310571761
04/11/2006,0,1.6803320107005892
05/11/2006,0,1.6507648470855893
06/11/2006,0,4.781457506474995
07/11/2006,0,0
08/11/2006,0,0
09/11/2006,0,1.8584607598327456
10/11/2006,0,0.8253824235427947
11/11/2006,0,0
12/11/2006,0,0
13/11/2006,0,0
14/11/2006,0,0
15/11/2006,0,0
16/11/2006,0,0
17/11/2006,0,0
18/11/2006,0,0
19/11/2006,0,0
20/11/2006,0,0
21/11/2006,0,0
22/11/2006,0,0
23/11/2006,0,0
24/11/2006,0,0
25/11/2006,0,0
26/11/2006,0,0
27/11/2006,0,0
28/11/2006,0,0
29/11/2006,0,0
30/11/2006,0,0
01/12/2006,0,0
02/12/2006,0,0
03/12/2006,0,0
04/12/2006,0,0
05/12/2006,0,0
06/12/2006,0,0
07/12/2006,0,0
08/12/2006,0,0
09/12/2006,0,0
10/12/2006,0,0
11/12/2006,0,0
12/12/2006,0,0
13/12/2006,0,0
14/12/2006,0,0
15/12/2006,0,0
16/12/2006,0,0
17/12/2006,0,0
18/12/2006,0,0
19/12/2006,0,0
20/12/2006,0,0
21/12/2006,0,0
22/12/2006,0,0
23/12/2006,0,0
24/12/2006,0,0
25/12/2006,0,0
26/12/2006,0,0
27/12/2006,0,0
28/12/2006,0,0
29/12/2006,0,0
30/12/2006,0,0
31/12/2006,0,0
01/01/2007,0,0
02/01/2007,0,0
03/01/2007,0,0
04/01/2007,0,0
05/01/2007,0,0
06/01/2007,0,0
07/01/2007,0,0
08/01/2007,0,0
09/01/2007,0,0
10/01/2007,0,0
11/01/2007,0,0
12/01/2007,0,0
13/01/2007,0,0
14/01/2007,0,0
15/01/2007,0,0
16/01/2007,0,0
17/01/2007,0,0
18/01/2007,0,0
19/01/2007,0,0
20/01/2007,0,0
21/01/2007,0,0
22/01/2007,0,0
23/01/2007,0,0
24/01/2007,0,0
25/01/2007,0,0
26/01/2007,0,0
27/01/2007,0,0
28/01/2007,0,0
29/01/2007,0,0
30/01/2007,0,0
31/01/2007,0,0
01/02/2007,0,0
02/02/2007,0,0
03/02/2007,0,0
04/02/2007,0,0
05/02/2007,0,0
06/02/2007,0,0
07/02/2007,0,0
08/02/2007,0,0
09/02/2007,0,0
10/02/2007,0,0
11/02/2007,0,0.011444112
12/02/2007,0,0
13/02/2007,0,1.164947203227452
14/02/2007,0,0.016802509625752766
15/02/2007,0,0
16/02/2007,0,0
17/02/2007,0,0
18/02/2007,0,0
19/02/2007,0,0
20/02/2007,0,0
21/02/2007,0,0
22/02/2007,0,0
23/02/2007,0,0
24/02/2007,0,0
25/02/2007,0,0
26/02/2007,0,0
27/02/2007,0,0
28/02/2007,0,0
01/03/2007,0,0
02/03/2007,0,0
03/03/2007,0,0
04/03/2007,0,0
05/03/2007,0,0
06/03/2007,0,0
07/03/2007,0,0
08/03/2007,0,0
09/03/2007,0,0
10/03/2007,0,0.1096792561667306
11/03/2007,0,0.22957316040992737
12/03/2007,0,0.9819491086971193
13/03/2007,0,0.1597606422645705
14/03/2007,0,0.039236954280308316
15/03/2007,0,0.28994936034792945
16/03/2007,0,0
17/03/2007,0,0
18/03/2007,0,0
19/03/2007,0,0
20/03/2007,0,0
21/03/2007,0,0
22/03/2007,0,0
23/03/2007,0,0
24/03/2007,0,0
25/03/2007,0,0
26/03/2007,0,0
27/03/2007,0,0
28/03/2007,0,0
29/03/2007,0,0
30/03/2007,0,0
31/03/2007,0,0
01/04/2007,0,0
02/04/2007,0,0
03/04/2007,0,0
04/04/2007,0,0.4360781148785636
05/04/2007,0,0
06/04/2007,0,0
07/04/2007,0,0
08/04/2007,0,0
09/04/2007,0,0.039869883230754306
10/04/2007,0,0
11/04/2007,0,0
12/04/2007,0,3.4593595692089627
13/04/2007,0,0
14/04/2007,0,0
15/04/2007,0,4.329939960723832
16/04/2007,0,0.22157961697805495
17/04/2007,0,0
18/04/2007,0,0
19/04/2007,0,4.928824133816219
20/04/2007,0,0
21/04/2007,0,3.6393265553883145
22/04/2007,0,0
23/04/2007,0,0
24/04/2007,0,0
25/04/2007,0,0
26/04/2007,0,0
27/04/2007,0,0
28/04/2007,0,0
29/04/2007,0,0
30/04/2007,0,0
01/05/2007,0,1.8350734114646912
02/05/2007,0,0
03/05/2007,0,0
04/05/2007,0,0
05/05/2007,0,1.5998427271842957
06/05/2007,0,0
07/05/2007,0,0
08/05/2007,0,1.073991598117919
09/05/2007,0,0
10/05/2007,0,0
11/05/2007,0,0
12/05/2007,0,0
13/05/2007,0,0
14/05/2007,0,0
15/05/2007,0,0
16/05/2007,0,0.014397457951591128
17/05/2007,0,0
18/05/2007,0,0
19/05/2007,0,0
20/05/2007,0,0.14551439739408947
21/05/2007,0,0
22/05/2007,0,0.3211222149076916
23/05/2007,0,0
24/05/2007,0,0
25/05/2007,0,0.00727572
26/05/2007,0,0
27/05/2007,0,0
28/05/2007,0,0.513315255
29/05/2007,0,0.5252365455740974
30/05/2007,0,0
31/05/2007,0,0
01/06/2007,0,0.5374922553698221
02/06/2007,0,0.076395057
03/06/2007,0,0.00727572
04/06/2007,0,0.00727572
05/06/2007,0,0
06/06/2007,0,0
07/06/2007,0,0
08/06/2007,0,2.5457579507714225
09/06/2007,0,2.9677195648352304
10/06/2007,0,2.6486262877782187
11/06/2007,0,7.465359202807858
12/06/2007,0,0
13/06/2007,0,6.257118176136698
14/06/2007,0,3.826073349586555
15/06/2007,0,2.522029003926686
16/06/2007,0,0.18762890497843424
17/06/2007,0,0
18/06/2007,0,3.237712637299583
19/06/2007,0,49.04696182977585
20/06/2007,0,1.0684066329683577
21/06/2007,0,11.32233996
22/06/2007,0,0.9690103477665356
23/06/2007,0,1.0242459252476692
24/06/2007,0,0.6522737436351322
25/06/2007,0,4.276668414473534
26/06/2007,0,55.65536135718936
27/06/2007,0,60.629835764567055
28/06/2007,0,20.50285312107631
29/06/2007,0,81.89775703066871
30/06/2007,0,106.22893851143974
01/07/2007,0,9.075599988301596
02/07/2007,0,3.5330232949483964
03/07/2007,0,0
04/07/2007,0,3.8555472095807395
05/07/2007,0,6.375962518510365
06/07/2007,0,4.686449573153541
07/07/2007,0,31.33105536869594
08/07/2007,0,28.024007729121617
09/07/2007,0,2.759627251397996
10/07/2007,0,9.783726493517557
11/07/2007,0,5.4017120358489805
12/07/2007,0,3.3380794681253887
13/07/2007,0,14.777073054086594
14/07/2007,0,17.721764893758866
15/07/2007,0,8.515492203689757
16/07/2007,0,13.451115699041457
17/07/2007,0,1.138089656829834
18/07/2007,0,4.224560433910007
19/07/2007,0,2.7761237905139016
20/07/2007,0,0.1645188828309377
21/07/2007,0,2.9069541235055243
22/07/2007,0,3.9835657392229353
23/07/2007,0,6.271582918507712
24/07/2007,0,6.670980879238674
25/07/2007,0,9.122014647438412
26/07/2007,0,7.1539509651206785
27/07/2007,0,0.7115413567849568
28/07/2007,0,15.857211663609458
29/07/2007,0,7.010063226
30/07/2007,0,8.899061694
31/07/2007,0,3.061881613163721
01/08/2007,0,17.20756434684708
02/08/2007,0,7.406947960456212
03/08/2007,0,22.408473173777264
04/08/2007,0,2.3948539204540706
05/08/2007,0,3.8260781023473966
06/08/2007,0,13.295196419670468
07/08/2007,0,176.17065102713448
08/08/2007,0,16.007794175829208
09/08/2007,0,3.045988765500841
10/08/2007,0,5.127205432170913
11/08/2007,0,6.143415118966784
12/08/2007,0,9.981584583009992
13/08/2007,0,26.462997788474674
14/08/2007,0,24.16097147124154
15/08/2007,0,1.3827496316461336
16/08/2007,0,2.5265737026929855
17/08/2007,0,0.2468309480519522
18/08/2007,0,0.099251065
19/08/2007,0,2.0207875704481486
20/08/2007,0,3.805228231918244
21/08/2007,0,9.657292458273115
22/08/2007,0,2.458985371249063
23/08/2007,0,5.985968567076183
24/08/2007,0,28.87059513727824
25/08/2007,0,3.2667799723290263
26/08/2007,0,1.4303044591631209
27/08/2007,0,2.7456634910333726
28/08/2007,0,6.7067541508447555
29/08/2007,0,2.322027793952397
30/08/2007,0,9.486541072527567
31/08/2007,0,15.891214311122894
01/09/2007,0,6.324661051
02/09/2007,0,18.56390687539464
03/09/2007,0,37.358038879576185
04/09/2007,0,11.451112202235631
05/09/2007,0,13.986887023562478
06/09/2007,0,19.220438338461378
07/09/2007,0,26.08588998
08/09/2007,0,1.214741439336822
09/09/2007,0,7.204865864345005
10/09/2007,0,5.584641842615037
11/09/2007,0,3.2821361869573593
12/09/2007,0,0.4541707571063723
13/09/2007,0,5.124666169285774
14/09/2007,0,10.535270248140607
15/09/2007,0,14.856901903947195
16/09/2007,0,2.208132431620643
17/09/2007,0,3.8364833210195814
18/09/2007,0,0.3691188267299107
19/09/2007,0,0.678443252
20/09/2007,0,4.821355088126092
21/09/2007,0,9.639227662767683
22/09/2007,0,14.036787736983527
23/09/2007,0,14.399004487764268
24/09/2007,0,33.10374813988095
25/09/2007,0,7.344129419
26/09/2007,0,0.6277247209634099
27/09/2007,0,6.624858232
28/09/2007,0,0.068119719
29/09/2007,0,1.012087379183088
30/09/2007,0,8.036182217654728
01/10/2007,0,11.848653807526542
02/10/2007,0,1.3697225408894675
03/10/2007,0,5.378868479104269
04/10/2007,0,1.673238021277246
05/10/2007,0,6.557033382710957
06/10/2007,0,7.848554006644657
07/10/2007,0,5.560080107478869
08/10/2007,0,0.4290366797220139
09/10/2007,0,0
10/10/2007,0,0
11/10/2007,0,0
12/10/2007,0,0
13/10/2007,0,0
14/10/2007,0,0
15/10/2007,0,0
16/10/2007,0,0
17/10/2007,0,0
18/10/2007,0,0
19/10/2007,0,0.072757199
20/10/2007,0,0.065481475
21/10/2007,0,0
22/10/2007,0,0
23/10/2007,0,0
24/10/2007,0,0
25/10/2007,0,0
26/10/2007,0,0
27/10/2007,0,0
28/10/2007,0,0
29/10/2007,0,0
30/10/2007,0,0
31/10/2007,0,0
01/11/2007,0,0
02/11/2007,0,0
03/11/2007,0,0
04/11/2007,0,0
05/11/2007,0,0
06/11/2007,0,0
07/11/2007,0,0
08/11/2007,0,0
09/11/2007,0,0
10/11/2007,0,0
11/11/2007,0,0
12/11/2007,0,0
13/11/2007,0,0
14/11/2007,0,0
15/11/2007,0,0
16/11/2007,0,0
17/11/2007,0,0
18/11/2007,0,0
19/11/2007,0,0
20/11/2007,0,0
21/11/2007,0,0
22/11/2007,0,0
23/11/2007,0,0
24/11/2007,0,0
25/11/2007,0,0
26/11/2007,0,0
27/11/2007,0,0
28/11/2007,0,0
29/11/2007,0,0
30/11/2007,0,0
01/12/2007,0,0
02/12/2007,0,0.49677408309209914
03/12/2007,0,0.16076869482085818
04/12/2007,0,0
05/12/2007,0,0
06/12/2007,0,0
07/12/2007,0,0
08/12/2007,0,0
09/12/2007,0,0
10/12/2007,0,0
11/12/2007,0,0
12/12/2007,0,0
13/12/2007,0,0.071452753
14/12/2007,0,0.024961132
15/12/2007,0,0
16/12/2007,0,0
17/12/2007,0,0
18/12/2007,0,0
19/12/2007,0,0
20/12/2007,0,0
21/12/2007,0,0
22/12/2007,0,0
23/12/2007,0,0
24/12/2007,0,0
25/12/2007,0,0
26/12/2007,0,0
27/12/2007,0,0
28/12/2007,0,0
29/12/2007,0,0
30/12/2007,0,0
31/12/2007,0,0
01/01/2008,0,0
02/01/2008,0,0
03/01/2008,0,0
04/01/2008,0,0
05/01/2008,0,0
06/01/2008,0,0
07/01/2008,0,0
08/01/2008,0,0
09/01/2008,0,0
10/01/2008,0,0
11/01/2008,0,0
12/01/2008,0,0
13/01/2008,0,0
14/01/2008,0,0
15/01/2008,0,0
16/01/2008,0,0
17/01/2008,0,0
18/01/2008,0,0
19/01/2008,0,0
20/01/2008,0,0
21/01/2008,0,0
22/01/2008,0,0
23/01/2008,0,0
24/01/2008,0,0
25/01/2008,0,0.4050773410570054
26/01/2008,0,2.8481509806144807
27/01/2008,0,0
28/01/2008,0,0
29/01/2008,0,0
30/01/2008,0,0
31/01/2008,0,0
01/02/2008,0,0
02/02/2008,0,0
03/02/2008,0,0
04/02/2008,0,0.19245497314702897
05/02/2008,0,1.5143571808224632
06/02/2008,0,1.6831114150228954
07/02/2008,0,0.13976970669769107
08/02/2008,0,0
09/02/2008,0,0.029577804108460743
10/02/2008,0,0
11/02/2008,0,0.099702204
12/02/2008,0,0.8844229444151833
13/02/2008,0,1.251023177589689
14/02/2008,0,0
15/02/2008,0,0
16/02/2008,0,0
17/02/2008,0,0
18/02/2008,0,0
19/02/2008,0,0
20/02/2008,0,0
21/02/2008,0,0
22/02/2008,0,0
23/02/2008,0,0
24/02/2008,0,0
25/02/2008,0,0
26/02/2008,0,0
27/02/2008,0,0
28/02/2008,0,0
29/02/2008,0,0
01/03/2008,0,0
02/03/2008,0,0
03/03/2008,0,0
04/03/2008,0,0
05/03/2008,0,0
06/03/2008,0,0
07/03/2008,0,0
08/03/2008,0,0
09/03/2008,0,0
10/03/2008,0,0
11/03/2008,0,0
12/03/2008,0,0
13/03/2008,0,0
14/03/2008,0,0
15/03/2008,0,0
16/03/2008,0,0
17/03/2008,0,0
18/03/2008,0,0
19/03/2008,0,2.5508889385632108
20/03/2008,0,0
21/03/2008,0,1.6968657700788408
22/03/2008,0,0.41634462702841984
23/03/2008,0,6.195189419246855
24/03/2008,0,9.551819812683831
25/03/2008,0,0.1682575529529935
26/03/2008,0,0
27/03/2008,0,0.9721547421954927
28/03/2008,0,0
29/03/2008,0,4.069872651781354
30/03/2008,0,5.471417052405221
31/03/2008,0,5.2505030291421075
01/04/2008,0,0
02/04/2008,0,0
03/04/2008,0,0
04/04/2008,0,0
05/04/2008,0,2.357138524452845
06/04/2008,0,0.49532564764931086
07/04/2008,0,0
08/04/2008,0,1.2712793350219727
09/04/2008,0,0.5639515810069584
10/04/2008,0,0
11/04/2008,0,0
12/04/2008,0,0
13/04/2008,0,0
14/04/2008,0,0
15/04/2008,0,0
16/04/2008,0,0
17/04/2008,0,0
18/04/2008,0,0
19/04/2008,0,0
20/04/2008,0,0
21/04/2008,0,0
22/04/2008,0,0
23/04/2008,0,0
24/04/2008,0,0
25/04/2008,0,0
26/04/2008,0,0
27/04/2008,0,0
28/04/2008,0,0
29/04/2008,0,0
30/04/2008,0,0
01/05/2008,0,0.9534594615300497
02/05/2008,0,0
03/05/2008,0,0
04/05/2008,0,0
05/05/2008,0,0
06/05/2008,0,0
07/05/2008,0,0
08/05/2008,0,0
09/05/2008,0,0
10/05/2008,0,0
11/05/2008,0,0
12/05/2008,0,0.053993454
13/05/2008,0,0.5690633186272213
14/05/2008,0,1.208801351842426
15/05/2008,0,0
16/05/2008,0,0.10294443652743385
17/05/2008,0,0.018332934095745997
18/05/2008,0,0
19/05/2008,0,0
20/05/2008,0,0
21/05/2008,0,0
22/05/2008,0,0.35521039224806283
23/05/2008,0,0
24/05/2008,0,3.472889955
25/05/2008,0,0.12604844073454538
26/05/2008,0,0
27/05/2008,0,0.093476421
28/05/2008,0,0.13086698878379094
29/05/2008,0,0.076442733
30/05/2008,0,0
31/05/2008,0,0.19268777079525448
01/06/2008,0,1.080108761432625
02/06/2008,0,1.7000014604557128
03/06/2008,0,0
04/06/2008,0,3.8199014475657824
05/06/2008,0,0.2579077482223511
06/06/2008,0,0.735604947
07/06/2008,0,3.450449090628397
08/06/2008,0,29.376248319943745
09/06/2008,0,18.24884624
10/06/2008,0,8.555283790542966
11/06/2008,0,12.878010681697301
12/06/2008,0,6.749702973025186
13/06/2008,0,6.977140196732113
14/06/2008,0,1.7926901561163722
15/06/2008,0,0.23179406992026738
16/06/2008,0,2.5816350550878617
17/06/2008,0,0
18/06/2008,0,0
19/06/2008,0,0
20/06/2008,0,0
21/06/2008,0,0
22/06/2008,0,0.18825692044837133
23/06/2008,0,1.851092747989155
24/06/2008,0,9.127166180383592
25/06/2008,0,5.473329424858093
26/06/2008,0,9.852202733357748
27/06/2008,0,19.63112470081874
28/06/2008,0,18.224051214399793
29/06/2008,0,22.891774495442707
30/06/2008,0,2.2420518142836436
01/07/2008,0,7.899692819941611
02/07/2008,0,2.2256291686069396
03/07/2008,0,2.217307970637367
04/07/2008,0,0.45769439602182027
05/07/2008,0,2.8280992053803944
06/07/2008,0,2.8490011408215477
07/07/2008,0,10.85312785421099
08/07/2008,0,10.790398393358503
09/07/2008,0,1.5672412436632883
10/07/2008,0,23.311908358619327
11/07/2008,0,1.07414846
12/07/2008,0,2.319906336920602
13/07/2008,0,0
14/07/2008,0,0.2373341258083071
15/07/2008,0,0.23899744025298528
16/07/2008,0,1.7428261495771862
17/07/2008,0,21.997608128048125
18/07/2008,0,0.8639536514168694
19/07/2008,0,0.18574635613532292
20/07/2008,0,0.4383953284649622
21/07/2008,0,0.8286336014668146
22/07/2008,0,9.508784198
23/07/2008,0,11.683164543339185
24/07/2008,0,12.317629206748236
25/07/2008,0,5.752823638064521
26/07/2008,0,9.090501376560756
27/07/2008,0,12.507833446775164
28/07/2008,0,18.901791436331614
29/07/2008,0,27.966463543119886
30/07/2008,0,18.152593090420677
31/07/2008,0,16.307069454874313
01/08/2008,0,24.967253457932244
02/08/2008,0,9.223950556346349
03/08/2008,0,8.724737366040548
04/08/2008,0,23.709937981196813
05/08/2008,0,24.384713309151785
06/08/2008,0,18.858919438861665
07/08/2008,0,10.724045390174503
08/08/2008,0,18.73476567722502
09/08/2008,0,12.797034036545526
10/08/2008,0,34.75552141098749
11/08/2008,0,18.375682649158296
12/08/2008,0,4.176939930234637
13/08/2008,0,0.083282052
14/08/2008,0,0.067404065
15/08/2008,0,1.3073066558156694
16/08/2008,0,17.79990559532529
17/08/2008,0,11.128167992546445
18/08/2008,0,4.391774297470138
19/08/2008,0,12.258395059477715
20/08/2008,0,2.865311888002214
21/08/2008,0,2.0528637624922252
22/08/2008,0,1.3451167274089086
23/08/2008,0,3.869779205748013
24/08/2008,0,1.1000250666624023
25/08/2008,0,6.1658759117126465
26/08/2008,0,8.349568083172752
27/08/2008,0,0.9161717267263503
28/08/2008,0,0.47325471469334196
29/08/2008,0,2.843187155468123
30/08/2008,0,0.4302949994092896
31/08/2008,0,9.583811558428264
01/09/2008,0,9.241623123486837
02/09/2008,0,26.20866408802214
03/09/2008,0,0.28949817092645735
04/09/2008,0,13.481224145208087
05/09/2008,0,6.1280297722135275
06/09/2008,0,10.010571461348306
07/09/2008,0,1.7984288121972765
08/09/2008,0,1.1321039426894415
09/09/2008,0,31.23701372600737
10/09/2008,0,40.17805898757208
11/09/2008,0,10.148572450592404
12/09/2008,0,5.345662200734729
13/09/2008,0,12.819180829184395
14/09/2008,0,0.6352929643222264
15/09/2008,0,6.565667778608345
16/09/2008,0,15.884032606368972
17/09/2008,0,26.22875952720642
18/09/2008,0,28.20265767687843
19/09/2008,0,42.46933712490967
20/09/2008,0,1.7877567225978488
21/09/2008,0,6.656249679979824
22/09/2008,0,5.861732267198109
23/09/2008,0,14.383250168391637
24/09/2008,0,0
25/09/2008,0,0
26/09/2008,0,0.21114553156353177
27/09/2008,0,0
28/09/2008,0,0
29/09/2008,0,0
30/09/2008,0,1.009312167054131
01/10/2008,0,6.1375485090982345
02/10/2008,0,0.2293971379597982
03/10/2008,0,0.014337321122487387
04/10/2008,0,0.15197562036060153
05/10/2008,0,3.358089669119744
06/10/2008,0,9.302498504874253
07/10/2008,0,0.26954162688482375
08/10/2008,0,0.9704885695661817
09/10/2008,0,0
10/10/2008,0,0.4635631654943739
11/10/2008,0,0.071686608
12/10/2008,0,0
13/10/2008,0,0
14/10/2008,0,0
15/10/2008,0,0
16/10/2008,0,0
17/10/2008,0,0
18/10/2008,0,0.05878302
19/10/2008,0,0.059499888
20/10/2008,0,0.007885527
21/10/2008,0,0
22/10/2008,0,0.043011963
23/10/2008,0,1.4824453333304042
24/10/2008,0,0.3971438180832636
25/10/2008,0,0
26/10/2008,0,0.018638518594560168
27/10/2008,0,0.41721607389904203
28/10/2008,0,0.12186723663693383
29/10/2008,0,0.23799955277215867
30/10/2008,0,0.018638518594560168
31/10/2008,0,0.014337321122487387
01/11/2008,0,0
02/11/2008,0,0
03/11/2008,0,0
04/11/2008,0,0
05/11/2008,0,0
06/11/2008,0,0
07/11/2008,0,0
08/11/2008,0,0
09/11/2008,0,0
10/11/2008,0,0
11/11/2008,0,0
12/11/2008,0,0
13/11/2008,0,0
14/11/2008,0,0
15/11/2008,0,0
16/11/2008,0,0
17/11/2008,0,0
18/11/2008,0,0
19/11/2008,0,0
20/11/2008,0,0.19594930750983103
21/11/2008,0,0
22/11/2008,0,0.31753828412010554
23/11/2008,0,0
24/11/2008,0,0
25/11/2008,0,0
26/11/2008,0,0
27/11/2008,0,0
28/11/2008,0,0
29/11/2008,0,0
30/11/2008,0,0
01/12/2008,0,0.10411559967767625
02/12/2008,0,0
03/12/2008,0,0
04/12/2008,0,0
05/12/2008,0,0
06/12/2008,0,0
07/12/2008,0,0
08/12/2008,0,0
09/12/2008,0,0
10/12/2008,0,0
11/12/2008,0,0
12/12/2008,0,0
13/12/2008,0,0
14/12/2008,0,0
15/12/2008,0,0
16/12/2008,0,0
17/12/2008,0,0
18/12/2008,0,0
19/12/2008,0,0
20/12/2008,0,0
21/12/2008,0,0
22/12/2008,0,0
23/12/2008,0,0
24/12/2008,0,0
25/12/2008,0,0
26/12/2008,0,0
27/12/2008,0,0
28/12/2008,0,0
29/12/2008,0,0
30/12/2008,0,0
31/12/2008,0,0
01/01/2009,0,0
02/01/2009,0,0
03/01/2009,0,0
04/01/2009,0,0
05/01/2009,0,0
06/01/2009,0,0
07/01/2009,0,6.733623234289033
08/01/2009,0,0
09/01/2009,0,4.197427878777186
10/01/2009,0,0
11/01/2009,0,0
12/01/2009,0,0
13/01/2009,0,0
14/01/2009,0,0
15/01/2009,0,0
16/01/2009,0,0
17/01/2009,0,0
18/01/2009,0,0
19/01/2009,0,0
20/01/2009,0,0
21/01/2009,0,0
22/01/2009,0,0
23/01/2009,0,0
24/01/2009,0,0
25/01/2009,0,0
26/01/2009,0,0
27/01/2009,0,0
28/01/2009,0,0
29/01/2009,0,0
30/01/2009,0,0
31/01/2009,0,0
01/02/2009,0,0
02/02/2009,0,0
03/02/2009,0,0
04/02/2009,0,0
05/02/2009,0,0
06/02/2009,0,0
07/02/2009,0,0
08/02/2009,0,0
09/02/2009,0,0
10/02/2009,0,0
11/02/2009,0,0
12/02/2009,0,0
13/02/2009,0,0
14/02/2009,0,0
15/02/2009,0,0
16/02/2009,0,0
17/02/2009,0,0
18/02/2009,0,0
19/02/2009,0,0
20/02/2009,0,0
21/02/2009,0,0
22/02/2009,0,0
23/02/2009,0,0
24/02/2009,0,0
25/02/2009,0,0
26/02/2009,0,0
27/02/2009,0,0
28/02/2009,0,0
01/03/2009,0,0
02/03/2009,0,0
03/03/2009,0,0
04/03/2009,0,0
05/03/2009,0,0
06/03/2009,0,0
07/03/2009,0,0
08/03/2009,0,0
09/03/2009,0,0
10/03/2009,0,0
11/03/2009,0,0
12/03/2009,0,0
13/03/2009,0,0
14/03/2009,0,0
15/03/2009,0,0
16/03/2009,0,0
17/03/2009,0,0
18/03/2009,0,0
19/03/2009,0,0
20/03/2009,0,0
21/03/2009,0,0
22/03/2009,0,0.4107973575592041
23/03/2009,0,0
24/03/2009,0,0
25/03/2009,0,0
26/03/2009,0,0.17896637426955359
27/03/2009,0,0
28/03/2009,0,0
29/03/2009,0,0
30/03/2009,0,0
31/03/2009,0,0
01/04/2009,0,0
02/04/2009,0,0
03/04/2009,0,0
04/04/2009,0,0
05/04/2009,0,0
06/04/2009,0,0
07/04/2009,0,0
08/04/2009,0,0.077125139
09/04/2009,0,4.570703603682064
10/04/2009,0,0
11/04/2009,0,0
12/04/2009,0,0
13/04/2009,0,0
14/04/2009,0,0
15/04/2009,0,0
16/04/2009,0,0
17/04/2009,0,0
18/04/2009,0,0
19/04/2009,0,0
20/04/2009,0,0
21/04/2009,0,0
22/04/2009,0,0
23/04/2009,0,0
24/04/2009,0,0
25/04/2009,0,0
26/04/2009,0,0
27/04/2009,0,0
28/04/2009,0,0
29/04/2009,0,0
30/04/2009,0,0
01/05/2009,0,0
02/05/2009,0,0.12072945421650297
03/05/2009,0,0.10191536517370314
04/05/2009,0,0.085388545
05/05/2009,0,0.1753452086732501
06/05/2009,0,0
07/05/2009,0,0
08/05/2009,0,0
09/05/2009,0,0
10/05/2009,0,0
11/05/2009,0,0
12/05/2009,0,0
13/05/2009,0,0
14/05/2009,0,0.012291142628306434
15/05/2009,0,0.010246986434573219
16/05/2009,0,0.19690399368604025
17/05/2009,0,0.010122117
18/05/2009,0,0.4771562098037629
19/05/2009,0,0
20/05/2009,0,0.1647640143831571
21/05/2009,0,3.413519399506705
22/05/2009,0,0.088143184
23/05/2009,0,0
24/05/2009,0,0.8156711161136627
25/05/2009,0,0.078752667
26/05/2009,0,0
27/05/2009,0,0
28/05/2009,0,0
29/05/2009,0,0.3246708107846124
30/05/2009,0,0.5647351500533876
31/05/2009,0,0
01/06/2009,0,0
02/06/2009,0,0.27139665292842047
03/06/2009,0,1.8821267815572875
04/06/2009,0,0.12269746228342965
05/06/2009,0,15.52007010721025
06/06/2009,0,2.9876855636636415
07/06/2009,0,7.379456787
08/06/2009,0,1.1370159494025367
09/06/2009,0,0.6639183220409212
10/06/2009,0,0
11/06/2009,0,0.010845126140685309
12/06/2009,0,3.649185597896576
13/06/2009,0,0.012291142628306434
14/06/2009,0,1.363127052783966
15/06/2009,0,1.0622693044798714
16/06/2009,0,0.14803732009161086
17/06/2009,0,2.437356946014223
18/06/2009,0,0
19/06/2009,0,0
20/06/2009,0,0
21/06/2009,0,2.784754421029772
22/06/2009,0,0
23/06/2009,0,0.14241540148144677
24/06/2009,0,0.028592441
25/06/2009,0,7.366517908516384
26/06/2009,0,0.5723277231057485
27/06/2009,0,0.26322003702322644
28/06/2009,0,10.503156746782008
29/06/2009,0,0.45245984232141856
30/06/2009,0,1.7232377202737899
01/07/2009,0,7.265122578257606
02/07/2009,0,15.759377547672816
03/07/2009,0,18.96793468793233
04/07/2009,0,7.455493177686419
05/07/2009,0,2.5767236834480647
06/07/2009,0,3.3309143412680853
07/07/2009,0,7.371968086276736
08/07/2009,0,6.942885958013081
09/07/2009,0,11.706398532504128
10/07/2009,0,9.486711946271715
11/07/2009,0,4.618921035812015
12/07/2009,0,12.463292383012318
13/07/2009,0,10.773266769590832
14/07/2009,0,42.62556698208763
15/07/2009,0,53.548913229079474
16/07/2009,0,35.76769292922247
17/07/2009,0,1.8695930817297526
18/07/2009,0,1.7772835535662515
19/07/2009,0,2.5012268863973164
20/07/2009,0,28.463771048046294
21/07/2009,0,22.860600017365954
22/07/2009,0,25.53066283
23/07/2009,0,2.372561987666857
24/07/2009,0,0.4341746128740765
25/07/2009,0,0.2239643306959243
26/07/2009,0,0.8288134591920036
27/07/2009,0,35.05654473531814
28/07/2009,0,22.853309812999907
29/07/2009,0,4.075173684528896
30/07/2009,0,3.062702954
31/07/2009,0,0.36642722004935857
01/08/2009,0,1.400684886035465
02/08/2009,0,0
03/08/2009,0,0.015553845536141168
04/08/2009,0,0.5551762864703224
05/08/2009,0,4.002829342370942
06/08/2009,0,0.3782764488742465
07/08/2009,0,0
08/08/2009,0,0.9799797059524626
09/08/2009,0,2.2534248371209418
10/08/2009,0,32.57208740143549
11/08/2009,0,18.006726946149552
12/08/2009,0,6.941019586154392
13/08/2009,0,2.1742653364226934
14/08/2009,0,1.6902170039358593
15/08/2009,0,12.567566065561204
16/08/2009,0,5.8554124264490035
17/08/2009,0,1.9917898976377078
18/08/2009,0,10.44258426910355
19/08/2009,0,1.6620494049219858
20/08/2009,0,13.443983532133556
21/08/2009,0,7.845562554541088
22/08/2009,0,15.823742886384329
23/08/2009,0,21.56495938627493
24/08/2009,0,3.8723577800251188
25/08/2009,0,28.20584069547199
26/08/2009,0,52.66223565
27/08/2009,0,34.18625904264904
28/08/2009,0,6.734432649044764
29/08/2009,0,1.7145470267250424
30/08/2009,0,0.033699997124217805
31/08/2009,0,26.634274846031552
01/09/2009,0,12.819157100859142
02/09/2009,0,4.890277699345634
03/09/2009,0,3.085337453654834
04/09/2009,0,4.789393542068345
05/09/2009,0,4.418489565
06/09/2009,0,2.658492780867077
07/09/2009,0,3.600112250873021
08/09/2009,0,19.604512299455347
09/09/2009,0,8.081695582895051
10/09/2009,0,1.244571825
11/09/2009,0,1.9315424518925803
12/09/2009,0,2.855391759957586
13/09/2009,0,0.8918772964250474
14/09/2009,0,1.1423027554438228
15/09/2009,0,0
16/09/2009,0,0.005306393
17/09/2009,0,0
18/09/2009,0,0
19/09/2009,0,0.008843988
20/09/2009,0,0.030980364
21/09/2009,0,0
22/09/2009,0,0.10538299452690851
23/09/2009,0,11.31399768732843
24/09/2009,0,0
25/09/2009,0,0
26/09/2009,0,0
27/09/2009,0,1.6692869074287868
28/09/2009,0,0.18058850793611436
29/09/2009,0,5.412021160125732
30/09/2009,0,1.291563868522644
01/10/2009,0,5.334915708927881
02/10/2009,0,4.410222677957444
03/10/2009,0,5.368911274841854
04/10/2009,0,2.4054934836569286
05/10/2009,0,4.708308478196462
06/10/2009,0,4.5101954979555945
07/10/2009,0,8.027837026686896
08/10/2009,0,0.22208042229924882
09/10/2009,0,0.007947447
10/10/2009,0,0
11/10/2009,0,0
12/10/2009,0,0
13/10/2009,0,0
14/10/2009,0,0
15/10/2009,0,0
16/10/2009,0,0
17/10/2009,0,0
18/10/2009,0,0
19/10/2009,0,0
20/10/2009,0,0
21/10/2009,0,0
22/10/2009,0,0
23/10/2009,0,0
24/10/2009,0,0
25/10/2009,0,0
26/10/2009,0,0
27/10/2009,0,0
28/10/2009,0,0
29/10/2009,0,0
30/10/2009,0,0
31/10/2009,0,0
01/11/2009,0,0
02/11/2009,0,0
03/11/2009,0,0
04/11/2009,0,0
05/11/2009,0,0
06/11/2009,0,1.6898830887817202
07/11/2009,0,1.701422353585561
08/11/2009,0,0.573019606
09/11/2009,0,0.068697583
10/11/2009,0,12.17014177
11/11/2009,0,5.758183368614742
12/11/2009,0,0
13/11/2009,0,0
14/11/2009,0,3.2397762423469905
15/11/2009,0,2.456381034283411
16/11/2009,0,29.102967619895935
17/11/2009,0,13.329736562002273
18/11/2009,0,2.2356380841561725
19/11/2009,0,0.29193320586567834
20/11/2009,0,0.047377543
21/11/2009,0,0
22/11/2009,0,0
23/11/2009,0,0
24/11/2009,0,0
25/11/2009,0,0
26/11/2009,0,0
27/11/2009,0,0
28/11/2009,0,0
29/11/2009,0,0
30/11/2009,0,0
01/12/2009,0,0
02/12/2009,0,0
03/12/2009,0,0
04/12/2009,0,0
05/12/2009,0,0
06/12/2009,0,0
07/12/2009,0,0
08/12/2009,0,0
09/12/2009,0,0
10/12/2009,0,0
11/12/2009,0,0
12/12/2009,0,0
13/12/2009,0,0
14/12/2009,0,0
15/12/2009,0,0
16/12/2009,0,0.044474667736462185
17/12/2009,0,0.036100774
18/12/2009,0,0.13953832856246404
19/12/2009,0,3.8255632505530404
20/12/2009,0,0
21/12/2009,0,0
22/12/2009,0,0
23/12/2009,0,0
24/12/2009,0,0
25/12/2009,0,0
26/12/2009,0,0
27/12/2009,0,0
28/12/2009,0,0
29/12/2009,0,0
30/12/2009,0,0
31/12/2009,0,0
01/01/2010,0,0
02/01/2010,0,0
03/01/2010,0,0
04/01/2010,0,0
05/01/2010,0,0
06/01/2010,0,0
07/01/2010,0,0
08/01/2010,0,0
09/01/2010,0,0
10/01/2010,0,0
11/01/2010,0,0
12/01/2010,0,0
13/01/2010,0,2.8950587564281056
14/01/2010,0,1.3081369470982325
15/01/2010,0,0
16/01/2010,0,0
17/01/2010,0,0
18/01/2010,0,0
19/01/2010,0,0
20/01/2010,0,0
21/01/2010,0,0
22/01/2010,0,0
23/01/2010,0,0
24/01/2010,0,0
25/01/2010,0,0
26/01/2010,0,0
27/01/2010,0,0
28/01/2010,0,0
29/01/2010,0,0
30/01/2010,0,0
31/01/2010,0,0
01/02/2010,0,0
02/02/2010,0,0
03/02/2010,0,0
04/02/2010,0,0
05/02/2010,0,0
06/02/2010,0,0
07/02/2010,0,0
08/02/2010,0,0
09/02/2010,0,0
10/02/2010,0,0
11/02/2010,0,0
12/02/2010,0,0
13/02/2010,0,0
14/02/2010,0,0
15/02/2010,0,0
16/02/2010,0,0
17/02/2010,0,0
18/02/2010,0,0
19/02/2010,0,0
20/02/2010,0,0
21/02/2010,0,0
22/02/2010,0,0
23/02/2010,0,0
24/02/2010,0,0.043090771
25/02/2010,0,0
26/02/2010,0,0
27/02/2010,0,0
28/02/2010,0,0
01/03/2010,0,0
02/03/2010,0,0
03/03/2010,0,0
04/03/2010,0,0
05/03/2010,0,0
06/03/2010,0,0
07/03/2010,0,0
08/03/2010,0,0
09/03/2010,0,0
10/03/2010,0,0
11/03/2010,0,0.31566433679489864
12/03/2010,0,0.016026398
13/03/2010,0,0.12740208705266318
14/03/2010,0,0
15/03/2010,0,0
16/03/2010,0,0.19110312986941563
17/03/2010,0,0
18/03/2010,0,0
19/03/2010,0,0
20/03/2010,0,0
21/03/2010,0,0
22/03/2010,0,0
23/03/2010,0,0
24/03/2010,0,0
25/03/2010,0,0
26/03/2010,0,0
27/03/2010,0,0
28/03/2010,0,0
29/03/2010,0,0
30/03/2010,0,0.039458042
31/03/2010,0,0
01/04/2010,0,0
02/04/2010,0,0
03/04/2010,0,0
04/04/2010,0,0
05/04/2010,0,0
06/04/2010,0,0
07/04/2010,0,0
08/04/2010,0,0
09/04/2010,0,0
10/04/2010,0,0
11/04/2010,0,0
12/04/2010,0,0
13/04/2010,0,0
14/04/2010,0,0
15/04/2010,0,0
16/04/2010,0,0
17/04/2010,0,0
18/04/2010,0,0
19/04/2010,0,0
20/04/2010,0,0
21/04/2010,0,0
22/04/2010,0,0
23/04/2010,0,0
24/04/2010,0,0
25/04/2010,0,0
26/04/2010,0,0.098645104
27/04/2010,0,0
28/04/2010,0,0
29/04/2010,0,0.078916084
30/04/2010,0,0
01/05/2010,0,0.21701923722312563
02/05/2010,0,0
03/05/2010,0,0
04/05/2010,0,0.21701923722312563
05/05/2010,0,4.107154776652654
06/05/2010,0,1.4227895204510008
07/05/2010,0,0
08/05/2010,0,0.7516723417100453
09/05/2010,0,0
10/05/2010,0,0
11/05/2010,0,0
12/05/2010,0,0
13/05/2010,0,0
14/05/2010,0,0.8286188670567104
15/05/2010,0,0
16/05/2010,0,0.25480417410532635
17/05/2010,0,0.41220733594326747
18/05/2010,0,0
19/05/2010,0,0
20/05/2010,0,0
21/05/2010,0,0.34222214988299776
22/05/2010,0,1.6768492942764646
23/05/2010,0,0
24/05/2010,0,0
25/05/2010,0,0
26/05/2010,0,0
27/05/2010,0,0
28/05/2010,0,0.24206396511622838
29/05/2010,0,0.521731748
30/05/2010,0,0
31/05/2010,0,0
01/06/2010,0,0
02/06/2010,0,0
03/06/2010,0,0
04/06/2010,0,0.040078182
05/06/2010,0,0.5171179217951638
06/06/2010,0,0
07/06/2010,0,2.391246319171928
08/06/2010,0,0
09/06/2010,0,4.332045796371641
10/06/2010,0,0
11/06/2010,0,5.818793921243577
12/06/2010,0,0
13/06/2010,0,0.3372605258510226
14/06/2010,0,5.954623495
15/06/2010,0,0.2798923963592166
16/06/2010,0,3.367752526487623
17/06/2010,0,4.984906479006722
18/06/2010,0,7.412329513402212
19/06/2010,0,3.027098984945388
20/06/2010,0,19.154841774985904
21/06/2010,0,1.9615332044306255
22/06/2010,0,0.6903498098254204
23/06/2010,0,2.364629565250306
24/06/2010,0,11.68803082193647
25/06/2010,0,0.051450879
26/06/2010,0,6.305493028390975
27/06/2010,0,2.9735431983357383
28/06/2010,0,7.568049226488386
29/06/2010,0,0.033034977
30/06/2010,0,1.8501931017353421
01/07/2010,0,4.131289751
02/07/2010,0,4.342184562058676
03/07/2010,0,7.456682068961007
04/07/2010,0,11.264245379538764
05/07/2010,0,21.88538282
06/07/2010,0,10.49138869558062
07/07/2010,0,25.84694362822033
08/07/2010,0,19.395936534518288
09/07/2010,0,4.134298927727199
10/07/2010,0,2.917952421875227
11/07/2010,0,1.6934496774559928
12/07/2010,0,35.89791577202933
13/07/2010,0,16.050041312263126
14/07/2010,0,18.094350054150535
15/07/2010,0,11.043117347217741
16/07/2010,0,3.325325540133885
17/07/2010,0,5.945700029532115
18/07/2010,0,2.2602354061035883
19/07/2010,0,1.2412978055931272
20/07/2010,0,0.42053584115845816
21/07/2010,0,15.915472530183338
22/07/2010,0,14.842188891910371
23/07/2010,0,10.004196274848212
24/07/2010,0,17.015586796261015
25/07/2010,0,38.41739032382057
26/07/2010,0,36.006866500491185
27/07/2010,0,9.881270805994669
28/07/2010,0,15.087454182761055
29/07/2010,0,14.532150796481542
30/07/2010,0,19.068959690275648
31/07/2010,0,8.122280997889382
01/08/2010,0,3.1822031963439215
02/08/2010,0,8.848367611567179
03/08/2010,0,2.484583508
04/08/2010,0,17.146694606258755
05/08/2010,0,26.702855132874987
06/08/2010,0,162.88876905895415
07/08/2010,0,20.78919806934538
08/08/2010,0,0.4808485188654491
09/08/2010,0,1.3398649231308983
10/08/2010,0,4.579082523073469
11/08/2010,0,2.5019837681736266
12/08/2010,0,11.549001162960415
13/08/2010,0,8.943193787620181
14/08/2010,0,16.211848886240098
15/08/2010,0,11.413978088469733
16/08/2010,0,14.738305557341803
17/08/2010,0,3.572479316166469
18/08/2010,0,6.996848759197054
19/08/2010,0,12.105478054001217
20/08/2010,0,17.451823291324434
21/08/2010,0,30.16568492707752
22/08/2010,0,6.866562877382551
23/08/2010,0,0
24/08/2010,0,0.2592940656911759
25/08/2010,0,16.413060988698685
26/08/2010,0,4.072130225953602
27/08/2010,0,11.929139829817272
28/08/2010,0,4.395324870234444
29/08/2010,0,2.706400901079178
30/08/2010,0,26.383650109881447
31/08/2010,0,26.239000456673757
01/09/2010,0,10.678308140663873
02/09/2010,0,3.915181878776777
03/09/2010,0,5.518725031898136
04/09/2010,0,17.447706409863063
05/09/2010,0,8.484544047287532
06/09/2010,0,87.78947185334705
07/09/2010,0,68.79925592
08/09/2010,0,48.392596926007954
09/09/2010,0,6.338767331270945
10/09/2010,0,0.5000450678524517
11/09/2010,0,1.6118136956578208
12/09/2010,0,0
13/09/2010,0,0.092742608
14/09/2010,0,7.336042740515301
15/09/2010,0,14.226801372709728
16/09/2010,0,5.896197649694624
17/09/2010,0,15.653608821687245
18/09/2010,0,48.40809317997524
19/09/2010,0,10.867908494813102
20/09/2010,0,1.2427211928935278
21/09/2010,0,0.9782114766892933
22/09/2010,0,2.2555820800009228
23/09/2010,0,0.044690072536468506
24/09/2010,0,3.0881119583334242
25/09/2010,0,1.2190809054743676
26/09/2010,0,0
27/09/2010,0,1.178057733036223
28/09/2010,0,0.1428005141871316
29/09/2010,0,0.10772141530400231
30/09/2010,0,0
01/10/2010,0,0
02/10/2010,0,0
03/10/2010,0,3.365331333307993
04/10/2010,0,3.053908430394672
05/10/2010,0,0.095200341
06/10/2010,0,5.566479506237166
07/10/2010,0,1.0528900963919503
08/10/2010,0,0.303107025
09/10/2010,0,0.058378339
10/10/2010,0,0.010810803799402146
11/10/2010,0,6.316835639022646
12/10/2010,0,0
13/10/2010,0,0
14/10/2010,0,0
15/10/2010,0,0
16/10/2010,0,46.10344236237662
17/10/2010,0,10.078821704501198
18/10/2010,0,3.5525680610111783
19/10/2010,0,7.236814156
20/10/2010,0,0.8638214525722322
21/10/2010,0,2.5452727263882045
22/10/2010,0,4.714181208894367
23/10/2010,0,5.3250470615568615
24/10/2010,0,2.3082912961641946
25/10/2010,0,0.8305975879941668
26/10/2010,0,0
27/10/2010,0,0
28/10/2010,0,0
29/10/2010,0,0
30/10/2010,0,0
31/10/2010,0,1.037780469372159
01/11/2010,0,4.008677227156503
02/11/2010,0,0.7481885240191505
03/11/2010,0,0
04/11/2010,0,0
05/11/2010,0,0
06/11/2010,0,0
07/11/2010,0,0
08/11/2010,0,0
09/11/2010,0,0.6977019962810335
10/11/2010,0,0
11/11/2010,0,0
12/11/2010,0,6.674636437779381
13/11/2010,0,0.8634786094938006
14/11/2010,0,0
15/11/2010,0,0
16/11/2010,0,0
17/11/2010,0,0
18/11/2010,0,0
19/11/2010,0,9.673667171171733
20/11/2010,0,0
21/11/2010,0,0.070952556
22/11/2010,0,0
23/11/2010,0,0
24/11/2010,0,0
25/11/2010,0,0
26/11/2010,0,0
27/11/2010,0,0
28/11/2010,0,0
29/11/2010,0,0
30/11/2010,0,0
01/12/2010,0,2.3262778222560883
02/12/2010,0,0.5215519503468559
03/12/2010,0,0
04/12/2010,0,0
05/12/2010,0,0
06/12/2010,0,0.004771979
07/12/2010,0,2.0718752174150374
08/12/2010,0,23.45697239467076
09/12/2010,0,9.485506568636213
10/12/2010,0,1.2800355099496388
11/12/2010,0,0
12/12/2010,0,2.209963934762137
13/12/2010,0,0
14/12/2010,0,0
15/12/2010,0,0
16/12/2010,0,0
17/12/2010,0,1.1010541291463942
18/12/2010,0,0
19/12/2010,0,0.2254763167528879
20/12/2010,0,0
21/12/2010,0,0
22/12/2010,0,0
23/12/2010,0,0
24/12/2010,0,0
25/12/2010,0,0
26/12/2010,0,0
27/12/2010,0,0
28/12/2010,0,0
29/12/2010,0,0
30/12/2010,0,0
31/12/2010,0,0
01/01/2011,0,0
02/01/2011,0,0
03/01/2011,0,0
04/01/2011,0,0
05/01/2011,0,0
06/01/2011,0,0
07/01/2011,0,0
08/01/2011,0,0
09/01/2011,0,0
10/01/2011,0,0
11/01/2011,0,0
12/01/2011,0,0
13/01/2011,0,0
14/01/2011,0,0
15/01/2011,0,0
16/01/2011,0,0
17/01/2011,0,0
18/01/2011,0,0
19/01/2011,0,0
20/01/2011,0,0
21/01/2011,0,0
22/01/2011,0,0
23/01/2011,0,0
24/01/2011,0,0
25/01/2011,0,0
26/01/2011,0,0
27/01/2011,0,0
28/01/2011,0,0.11852121353149414
29/01/2011,0,0
30/01/2011,0,0
31/01/2011,0,0
01/02/2011,0,0
02/02/2011,0,0
03/02/2011,0,0
04/02/2011,0,0
05/02/2011,0,0
06/02/2011,0,0
07/02/2011,0,0
08/02/2011,0,0
09/02/2011,0,0
10/02/2011,0,0
11/02/2011,0,0
12/02/2011,0,0
13/02/2011,0,0
14/02/2011,0,0
15/02/2011,0,0
16/02/2011,0,0
17/02/2011,0,0
18/02/2011,0,0
19/02/2011,0,0
20/02/2011,0,0.2918139227799007
21/02/2011,0,12.722858937013717
22/02/2011,0,0
23/02/2011,0,0
24/02/2011,0,0
25/02/2011,0,0
26/02/2011,0,0
27/02/2011,0,0
28/02/2011,0,0
01/03/2011,0,0
02/03/2011,0,0
03/03/2011,0,0
04/03/2011,0,0
05/03/2011,0,0
06/03/2011,0,0
07/03/2011,0,0
08/03/2011,0,0
09/03/2011,0,0
10/03/2011,0,0
11/03/2011,0,0
12/03/2011,0,0
13/03/2011,0,0
14/03/2011,0,0
15/03/2011,0,0
16/03/2011,0,0
17/03/2011,0,0
18/03/2011,0,0
19/03/2011,0,0
20/03/2011,0,0
21/03/2011,0,0
22/03/2011,0,0
23/03/2011,0,0
24/03/2011,0,0
25/03/2011,0,2.094068386725017
26/03/2011,0,0
27/03/2011,0,0
28/03/2011,0,0
29/03/2011,0,0
30/03/2011,0,0
31/03/2011,0,0
01/04/2011,0,0
02/04/2011,0,0
03/04/2011,0,0
04/04/2011,0,0
05/04/2011,0,0.5968206453891027
06/04/2011,0,4.713253416475796
07/04/2011,0,0.061563708
08/04/2011,0,0
09/04/2011,0,0.2026121233190809
10/04/2011,0,1.006829593862806
11/04/2011,0,0
12/04/2011,0,0
13/04/2011,0,0
14/04/2011,0,0
15/04/2011,0,1.5209718059216226
16/04/2011,0,0
17/04/2011,0,6.052317162354787
18/04/2011,0,0.098222188
19/04/2011,0,0.5040978228762036
20/04/2011,0,12.93002771479743
21/04/2011,0,2.5733496695756912
22/04/2011,0,7.117117944217863
23/04/2011,0,0.010913577108156113
24/04/2011,0,0
25/04/2011,0,0.032740729195731025
26/04/2011,0,0
27/04/2011,0,1.7325256654904002
28/04/2011,0,1.6783365522112166
29/04/2011,0,0
30/04/2011,0,0.010913577108156113
01/05/2011,0,0.007329226
02/05/2011,0,0
03/05/2011,0,0.07180615
04/05/2011,0,0
05/05/2011,0,0
06/05/2011,0,0
07/05/2011,0,0
08/05/2011,0,0
09/05/2011,0,0
10/05/2011,0,0
11/05/2011,0,0
12/05/2011,0,0
13/05/2011,0,0
14/05/2011,0,0
15/05/2011,0,0.017485264511335464
16/05/2011,0,0
17/05/2011,0,0
18/05/2011,0,0
19/05/2011,0,0
20/05/2011,0,0.17740348194326674
21/05/2011,0,0
22/05/2011,0,0
23/05/2011,0,0
24/05/2011,0,0
25/05/2011,0,0.018699958210899717
26/05/2011,0,0
27/05/2011,0,0
28/05/2011,0,0.050124424
29/05/2011,0,0
30/05/2011,0,0
31/05/2011,0,0.043246885
01/06/2011,0,0.6294930414074943
02/06/2011,0,0.7788774293093454
03/06/2011,0,0.013428987491698493
04/06/2011,0,5.356695390882946
05/06/2011,0,0.6360550934360141
06/06/2011,0,3.1264384445689974
07/06/2011,0,7.572238248018992
08/06/2011,0,1.2650695787299246
09/06/2011,0,0
10/06/2011,0,0.14291555540902273
11/06/2011,0,4.797029313587007
12/06/2011,0,0
13/06/2011,0,3.176193411861147
14/06/2011,0,12.151144322894869
15/06/2011,0,2.8139563515072776
16/06/2011,0,2.5884825118950436
17/06/2011,0,7.443270144008455
18/06/2011,0,5.100867482877913
19/06/2011,0,3.5574243778274175
20/06/2011,0,5.197642542067028
21/06/2011,0,9.635377140272231
22/06/2011,0,1.0857748077029274
23/06/2011,0,4.091398685460999
24/06/2011,0,0.827130968
25/06/2011,0,2.2865874660866603
26/06/2011,0,5.856737544139226
27/06/2011,0,23.808997108822776
28/06/2011,0,8.614784399668375
29/06/2011,0,6.419588015193031
30/06/2011,0,4.508430781818571
01/07/2011,0,0.063704691
02/07/2011,0,0
03/07/2011,0,14.298969149589539
04/07/2011,0,5.144562971024286
05/07/2011,0,22.202408836001442
06/07/2011,0,6.8568375905354815
07/07/2011,0,24.24948281
08/07/2011,0,9.729242750576564
09/07/2011,0,1.0344351004986536
10/07/2011,0,0.3835815702165876
11/07/2011,0,2.296058226199377
12/07/2011,0,0.2628378229481833
13/07/2011,0,31.30742377326602
14/07/2011,0,14.289767446972075
15/07/2011,0,7.735434637183235
16/07/2011,0,1.4356746886457716
17/07/2011,0,12.870060008196603
18/07/2011,0,2.4456286323922023
19/07/2011,0,6.1787601964814325
20/07/2011,0,12.146095786775861
21/07/2011,0,28.678023383730935
22/07/2011,0,20.003693489801314
23/07/2011,0,7.5039227576482865
24/07/2011,0,1.8642676827453433
25/07/2011,0,2.2421447407631647
26/07/2011,0,1.4318410952885945
27/07/2011,0,19.095226837056025
28/07/2011,0,0.24589375512940542
29/07/2011,0,0.8019377397639411
30/07/2011,0,27.814190932682582
31/07/2011,0,15.577896186993236
01/08/2011,0,0.8093854103769574
02/08/2011,0,0.3266763978061222
03/08/2011,0,31.683969747452508
04/08/2011,0,24.24849316052028
05/08/2011,0,10.448050737380981
06/08/2011,0,6.620331227779388
07/08/2011,0,3.1096990520045873
08/08/2011,0,17.89175652322315
09/08/2011,0,5.6857424804142545
10/08/2011,0,8.399819258
11/08/2011,0,0.22300227199281966
12/08/2011,0,9.674267760344915
13/08/2011,0,17.58359652473813
14/08/2011,0,16.26469069435483
15/08/2011,0,5.567360761619749
16/08/2011,0,1.0913508740209399
17/08/2011,0,4.199938666252863
18/08/2011,0,21.83752682095482
19/08/2011,0,21.680086385636102
20/08/2011,0,14.558743136269706
21/08/2011,0,3.3629575102102187
22/08/2011,0,4.187791804472606
23/08/2011,0,4.493883581388564
24/08/2011,0,16.778085210493632
25/08/2011,0,2.165426042108309
26/08/2011,0,10.575300616877419
27/08/2011,0,16.68367980775379
28/08/2011,0,16.515158210481918
29/08/2011,0,6.158868057387216
30/08/2011,0,48.46911857241676
31/08/2011,0,27.827584766206286
01/09/2011,0,57.313461757841566
02/09/2011,0,46.241709482102166
03/09/2011,0,43.25324869155884
04/09/2011,0,0.5672379725036167
05/09/2011,0,7.821262267019067
06/09/2011,0,34.481702191489084
07/09/2011,0,44.55038093385242
08/09/2011,0,21.091868264334543
09/09/2011,0,2.2859284537179128
10/09/2011,0,7.733293445337386
11/09/2011,0,5.863306771431651
12/09/2011,0,1.1776615118696576
13/09/2011,0,3.577979624271393
14/09/2011,0,11.541156939097814
15/09/2011,0,3.036850067831221
16/09/2011,0,28.439586957295734
17/09/2011,0,6.536405458336785
18/09/2011,0,19.54323305402483
19/09/2011,0,5.6565108980451315
20/09/2011,0,12.391411531539191
21/09/2011,0,27.254072666168213
22/09/2011,0,4.443355271504039
23/09/2011,0,0.7713733805077416
24/09/2011,0,4.154463931918144
25/09/2011,0,0
26/09/2011,0,0
27/09/2011,0,0.26776754004614695
28/09/2011,0,0.036992083702768595
29/09/2011,0,0
30/09/2011,0,0
01/10/2011,0,0
02/10/2011,0,0
03/10/2011,0,0
04/10/2011,0,0.22233442891211735
05/10/2011,0,0.33292875971112934
06/10/2011,0,0
07/10/2011,0,0.37364932327043443
08/10/2011,0,0
09/10/2011,0,1.949095843803315
10/10/2011,0,0
11/10/2011,0,3.2360878537098565
12/10/2011,0,4.381412368
13/10/2011,0,0.3094685702096848
14/10/2011,0,0.31588633358478546
15/10/2011,0,0
16/10/2011,0,0
17/10/2011,0,0
18/10/2011,0,0
19/10/2011,0,0
20/10/2011,0,0
21/10/2011,0,0
22/10/2011,0,0
23/10/2011,0,0
24/10/2011,0,0
25/10/2011,0,0
26/10/2011,0,0
27/10/2011,0,0
28/10/2011,0,0
29/10/2011,0,0
30/10/2011,0,0
31/10/2011,0,0
01/11/2011,0,0
02/11/2011,0,0
03/11/2011,0,0
04/11/2011,0,0
05/11/2011,0,0
06/11/2011,0,0
07/11/2011,0,0
08/11/2011,0,0
09/11/2011,0,0
10/11/2011,0,0
11/11/2011,0,0
12/11/2011,0,0
13/11/2011,0,0
14/11/2011,0,0
15/11/2011,0,0
16/11/2011,0,0
17/11/2011,0,0
18/11/2011,0,0
19/11/2011,0,0
20/11/2011,0,0
21/11/2011,0,0
22/11/2011,0,0
23/11/2011,0,0
24/11/2011,0,0
25/11/2011,0,0
26/11/2011,0,0
27/11/2011,0,0
28/11/2011,0,0
29/11/2011,0,0
30/11/2011,0,0
01/12/2011,0,0
02/12/2011,0,0
03/12/2011,0,0
04/12/2011,0,0
05/12/2011,0,0
06/12/2011,0,0
07/12/2011,0,0
08/12/2011,0,0
09/12/2011,0,0
10/12/2011,0,0
11/12/2011,0,0
12/12/2011,0,0
13/12/2011,0,0
14/12/2011,0,0
15/12/2011,0,0
16/12/2011,0,0
17/12/2011,0,0
18/12/2011,0,0
19/12/2011,0,0
20/12/2011,0,0
21/12/2011,0,0
22/12/2011,0,0
23/12/2011,0,0
24/12/2011,0,0
25/12/2011,0,0
26/12/2011,0,0
27/12/2011,0,0
28/12/2011,0,0
29/12/2011,0,0
30/12/2011,0,0
31/12/2011,0,1.5305551304703666
01/01/2012,0,4.245176943994704
02/01/2012,0,0.8785464068253835
03/01/2012,0,0
04/01/2012,0,0
05/01/2012,0,0
06/01/2012,0,0
07/01/2012,0,0
08/01/2012,0,0
09/01/2012,0,0
10/01/2012,0,1.4950971461477733
11/01/2012,0,0
12/01/2012,0,0
13/01/2012,0,0
14/01/2012,0,0
15/01/2012,0,0
16/01/2012,0,0
17/01/2012,0,0
18/01/2012,0,0
19/01/2012,0,0
20/01/2012,0,0
21/01/2012,0,0
22/01/2012,0,0
23/01/2012,0,0
24/01/2012,0,0
25/01/2012,0,0
26/01/2012,0,0
27/01/2012,0,0
28/01/2012,0,0
29/01/2012,0,0
30/01/2012,0,0.098222188
31/01/2012,0,0
01/02/2012,0,0
02/02/2012,0,0
03/02/2012,0,0
04/02/2012,0,0
05/02/2012,0,0
06/02/2012,0,0
07/02/2012,0,0
08/02/2012,0,0
09/02/2012,0,0
10/02/2012,0,0
11/02/2012,0,0
12/02/2012,0,0
13/02/2012,0,0
14/02/2012,0,0
15/02/2012,0,0
16/02/2012,0,0
17/02/2012,0,0
18/02/2012,0,0
19/02/2012,0,0
20/02/2012,0,0
21/02/2012,0,0
22/02/2012,0,0
23/02/2012,0,0
24/02/2012,0,0
25/02/2012,0,0
26/02/2012,0,0
27/02/2012,0,0
28/02/2012,0,0
29/02/2012,0,0
01/03/2012,0,0
02/03/2012,0,0
03/03/2012,0,0
04/03/2012,0,0
05/03/2012,0,0
06/03/2012,0,0
07/03/2012,0,0.7301271398152623
08/03/2012,0,0
09/03/2012,0,0
10/03/2012,0,3.6076867324965343
11/03/2012,0,0
12/03/2012,0,0
13/03/2012,0,0
14/03/2012,0,0
15/03/2012,0,0
16/03/2012,0,0
17/03/2012,0,0
18/03/2012,0,0
19/03/2012,0,0
20/03/2012,0,0
21/03/2012,0,0
22/03/2012,0,0
23/03/2012,0,0
24/03/2012,0,0
25/03/2012,0,4.337814214683714
26/03/2012,0,0
27/03/2012,0,0.031934837
28/03/2012,0,0
29/03/2012,0,0
30/03/2012,0,0.16965597016470774
31/03/2012,0,0.007253106
01/04/2012,0,0.8287838874828248
02/04/2012,0,0
03/04/2012,0,0
04/04/2012,0,0
05/04/2012,0,0
06/04/2012,0,0.4218264435018812
07/04/2012,0,1.474990332410449
08/04/2012,0,0
09/04/2012,0,0
10/04/2012,0,0
11/04/2012,0,0
12/04/2012,0,0
13/04/2012,0,0
14/04/2012,0,0
15/04/2012,0,0
16/04/2012,0,0
17/04/2012,0,0
18/04/2012,0,0
19/04/2012,0,0
20/04/2012,0,0
21/04/2012,0,0
22/04/2012,0,0.031982462
23/04/2012,0,1.062757986287276
24/04/2012,0,0
25/04/2012,0,0.5386880778131031
26/04/2012,0,0
27/04/2012,0,2.284656739660672
28/04/2012,0,0
29/04/2012,0,0
30/04/2012,0,0.082131389
01/05/2012,0,0
02/05/2012,0,0
03/05/2012,0,0
04/05/2012,0,0
05/05/2012,0,1.1502928222928728
06/05/2012,0,0
07/05/2012,0,2.244402425629752
08/05/2012,0,0
09/05/2012,0,0
10/05/2012,0,0.31952578255108427
11/05/2012,0,0
12/05/2012,0,0.3482325758252825
13/05/2012,0,1.9437062626793271
14/05/2012,0,0
15/05/2012,0,0.037305329527173726
16/05/2012,0,0
17/05/2012,0,0
18/05/2012,0,0
19/05/2012,0,0.037305329527173726
20/05/2012,0,0
21/05/2012,0,0
22/05/2012,0,0
23/05/2012,0,0
24/05/2012,0,0.061045085
25/05/2012,0,0
26/05/2012,0,0
27/05/2012,0,0
28/05/2012,0,0
29/05/2012,0,0
30/05/2012,0,0
31/05/2012,0,0
01/06/2012,0,0
02/06/2012,0,0
03/06/2012,0,0
04/06/2012,0,0
05/06/2012,0,0
06/06/2012,0,0
07/06/2012,0,2.0117779892115366
08/06/2012,0,0
09/06/2012,0,0.3981358749525888
10/06/2012,0,3.261651424424989
11/06/2012,0,0.12324333758581252
12/06/2012,0,0
13/06/2012,0,20.733491125560942
14/06/2012,0,4.792547123772757
15/06/2012,0,0
16/06/2012,0,11.974333002453758
17/06/2012,0,5.193542117164249
18/06/2012,0,3.9540207109280994
19/06/2012,0,15.450505094868797
20/06/2012,0,13.781996284212385
21/06/2012,0,19.24506555852436
22/06/2012,0,37.18908150990804
23/06/2012,0,2.002846507799058
24/06/2012,0,0
25/06/2012,0,0.097265082
26/06/2012,0,3.715891636553265
27/06/2012,0,0.4835197953950791
28/06/2012,0,0
29/06/2012,0,0.7221270331314632
30/06/2012,0,0
01/07/2012,0,8.744100607576824
02/07/2012,0,15.21487385886056
03/07/2012,0,18.201780591692245
04/07/2012,0,13.976390520731607
05/07/2012,0,1.9639424128191811
06/07/2012,0,17.35403137831461
07/07/2012,0,13.839423429398309
08/07/2012,0,17.566926547459193
09/07/2012,0,10.14163885797773
10/07/2012,0,0.5471474209002086
11/07/2012,0,1.194955138933091
12/07/2012,0,0.344212627
13/07/2012,0,5.356155085421744
14/07/2012,0,4.113213014034998
15/07/2012,0,50.19266782488142
16/07/2012,0,11.743005207606725
17/07/2012,0,1.0159519570214408
18/07/2012,0,2.9085166298207783
19/07/2012,0,41.059712364560085
20/07/2012,0,4.725993837629046
21/07/2012,0,11.454181500843593
22/07/2012,0,70.28411093
23/07/2012,0,3.7030258632841564
24/07/2012,0,2.6559857598372867
25/07/2012,0,13.117990834372383
26/07/2012,0,11.847324121566047
27/07/2012,0,27.611583482651483
28/07/2012,0,4.826428776695614
29/07/2012,0,4.499439154
30/07/2012,0,36.93374542962937
31/07/2012,0,36.41089866274879
01/08/2012,0,13.744943641480946
02/08/2012,0,10.859342575073242
03/08/2012,0,24.134642850785028
04/08/2012,0,48.70998845781599
05/08/2012,0,34.71597444443476
06/08/2012,0,31.82618372780936
07/08/2012,0,5.806551673582622
08/08/2012,0,13.142258564631144
09/08/2012,0,4.312450162002018
10/08/2012,0,9.186430630229768
11/08/2012,0,21.56924038841611
12/08/2012,0,12.192563601902553
13/08/2012,0,3.1878295569192794
14/08/2012,0,0.547415344
15/08/2012,0,0.1536383784952618
16/08/2012,0,1.3349659967990148
17/08/2012,0,4.7689516714641025
18/08/2012,0,17.21513182
19/08/2012,0,82.10811061
20/08/2012,0,18.824164816311427
21/08/2012,0,9.25793778
22/08/2012,0,52.91015938350132
23/08/2012,0,1.390769282267207
24/08/2012,0,0.039228842
25/08/2012,0,9.866989833968026
26/08/2012,0,13.951696736471993
27/08/2012,0,26.308499029704503
28/08/2012,0,4.292867099245389
29/08/2012,0,0.6291882715054921
30/08/2012,0,5.807523486160097
31/08/2012,0,6.098142010825021
01/09/2012,0,2.0956171580723355
02/09/2012,0,2.5501324278967723
03/09/2012,0,3.191266031492324
04/09/2012,0,42.955478032430015
05/09/2012,0,100.24612390427362
06/09/2012,0,3.317540881179628
07/09/2012,0,1.475576893559524
08/09/2012,0,0.23357059167964117
09/09/2012,0,11.12744383017222
10/09/2012,0,12.019794214339484
11/09/2012,0,13.380112702647844
12/09/2012,0,4.495977753684635
13/09/2012,0,0.9212691698755536
14/09/2012,0,5.810606512994993
15/09/2012,0,1.3638280967161769
16/09/2012,0,4.285208498
17/09/2012,0,8.389529497850509
18/09/2012,0,0.5664575575363069
19/09/2012,0,11.341182833626156
20/09/2012,0,1.582665314277013
21/09/2012,0,8.472470737638927
22/09/2012,0,31.35537054425194
23/09/2012,0,28.224155380612327
24/09/2012,0,0.076881013
25/09/2012,0,4.104147884107771
26/09/2012,0,0.036992083702768595
27/09/2012,0,0.11441407104333241
28/09/2012,0,0
29/09/2012,0,0.13550763045038497
30/09/2012,0,3.603744416009812
01/10/2012,0,0.33142865555627005
02/10/2012,0,0.12492822181610834
03/10/2012,0,15.729757763090587
04/10/2012,0,7.746447517758324
05/10/2012,0,1.2020619195841609
06/10/2012,0,0
07/10/2012,0,0
08/10/2012,0,0
09/10/2012,0,0
10/10/2012,0,0
11/10/2012,0,1.7944070271083288
12/10/2012,0,0.025580463664872304
13/10/2012,0,0
14/10/2012,0,0
15/10/2012,0,0
16/10/2012,0,0
17/10/2012,0,0
18/10/2012,0,0
19/10/2012,0,0
20/10/2012,0,0
21/10/2012,0,0
22/10/2012,0,0
23/10/2012,0,0
24/10/2012,0,0
25/10/2012,0,0
26/10/2012,0,0
27/10/2012,0,0
28/10/2012,0,0
29/10/2012,0,0
30/10/2012,0,0
31/10/2012,0,0
01/11/2012,0,0.025580463664872304
02/11/2012,0,7.443589727083842
03/11/2012,0,1.2860363267716908
04/11/2012,0,13.381978693462553
05/11/2012,0,0.005948058
06/11/2012,0,0.5668214843386695
07/11/2012,0,0.9777931031726655
08/11/2012,0,0
09/11/2012,0,0
10/11/2012,0,0
11/11/2012,0,0
12/11/2012,0,0
13/11/2012,0,0
14/11/2012,0,0
15/11/2012,0,0
16/11/2012,0,0
17/11/2012,0,0
18/11/2012,0,0
19/11/2012,0,0
20/11/2012,0,0
21/11/2012,0,0
22/11/2012,0,0
23/11/2012,0,0
24/11/2012,0,0
25/11/2012,0,0
26/11/2012,0,0
27/11/2012,0,0
28/11/2012,0,0
29/11/2012,0,0
30/11/2012,0,0
01/12/2012,0,0
02/12/2012,0,0
03/12/2012,0,0
04/12/2012,0,0
05/12/2012,0,0
06/12/2012,0,0
07/12/2012,0,0
08/12/2012,0,0
09/12/2012,0,0
10/12/2012,0,0
11/12/2012,0,0
12/12/2012,0,0
13/12/2012,0,0
14/12/2012,0,0
15/12/2012,0,0
16/12/2012,0,0
17/12/2012,0,0
18/12/2012,0,0
19/12/2012,0,0
20/12/2012,0,0
21/12/2012,0,0
22/12/2012,0,0
23/12/2012,0,0
24/12/2012,0,0
25/12/2012,0,0
26/12/2012,0,0
27/12/2012,0,0
28/12/2012,0,0
29/12/2012,0,0
30/12/2012,0,0
31/12/2012,0,0
01/01/2013,0,0
02/01/2013,0,0.33907286680880044
03/01/2013,0,0
04/01/2013,0,0
05/01/2013,0,0
06/01/2013,0,0
07/01/2013,0,0
08/01/2013,0,0
09/01/2013,0,0
10/01/2013,0,0
11/01/2013,0,0
12/01/2013,0,0
13/01/2013,0,0
14/01/2013,0,0
15/01/2013,0,0
16/01/2013,0,0
17/01/2013,0,0
18/01/2013,0,0
19/01/2013,0,0
20/01/2013,0,0
21/01/2013,0,0
22/01/2013,0,0
23/01/2013,0,0
24/01/2013,0,0
25/01/2013,0,0
26/01/2013,0,0
27/01/2013,0,0
28/01/2013,0,0
29/01/2013,0,0
30/01/2013,0,0
31/01/2013,0,0
01/02/2013,0,0
02/02/2013,0,0
03/02/2013,0,0
04/02/2013,0,0
05/02/2013,0,0
06/02/2013,0,0
07/02/2013,0,0
08/02/2013,0,0.087447431
09/02/2013,0,0
10/02/2013,0,0
11/02/2013,0,0
12/02/2013,0,0
13/02/2013,0,0
14/02/2013,0,0
15/02/2013,0,0
16/02/2013,0,2.037458848385584
17/02/2013,0,5.204376022020976
18/02/2013,0,0.3246327361890248
19/02/2013,0,0
20/02/2013,0,0
21/02/2013,0,0
22/02/2013,0,0
23/02/2013,0,0
24/02/2013,0,0
25/02/2013,0,0
26/02/2013,0,0
27/02/2013,0,0
28/02/2013,0,0
01/03/2013,0,0
02/03/2013,0,0
03/03/2013,0,0
04/03/2013,0,0
05/03/2013,0,0
06/03/2013,0,0
07/03/2013,0,0
08/03/2013,0,0
09/03/2013,0,0
10/03/2013,0,0
11/03/2013,0,0
12/03/2013,0,0
13/03/2013,0,0
14/03/2013,0,0
15/03/2013,0,0
16/03/2013,0,0
17/03/2013,0,0.17998015171005613
18/03/2013,0,0
19/03/2013,0,0
20/03/2013,0,0
21/03/2013,0,0
22/03/2013,0,0
23/03/2013,0,0
24/03/2013,0,0
25/03/2013,0,0
26/03/2013,0,0
27/03/2013,0,0
28/03/2013,0,0
29/03/2013,0,0
30/03/2013,0,0
31/03/2013,0,0
01/04/2013,0,0
02/04/2013,0,0.16470236437661306
03/04/2013,0,0.084546003
04/04/2013,0,0
05/04/2013,0,0
06/04/2013,0,0
07/04/2013,0,0
08/04/2013,0,0
09/04/2013,0,0
10/04/2013,0,0
11/04/2013,0,0
12/04/2013,0,0
13/04/2013,0,0
14/04/2013,0,12.426336356571742
15/04/2013,0,0.48505380749702454
16/04/2013,0,0
17/04/2013,0,0
18/04/2013,0,0
19/04/2013,0,0
20/04/2013,0,2.1231809740974787
21/04/2013,0,5.764619713737851
22/04/2013,0,2.9019972855846086
23/04/2013,0,0
24/04/2013,0,0.357939166
25/04/2013,0,1.9710927250839414
26/04/2013,0,1.791759730804534
27/04/2013,0,0.30512472348553793
28/04/2013,0,0
29/04/2013,0,0
30/04/2013,0,0
01/05/2013,0,0
02/05/2013,0,0
03/05/2013,0,0
04/05/2013,0,0
05/05/2013,0,0
06/05/2013,0,0.13810313883281888
07/05/2013,0,0
08/05/2013,0,0
09/05/2013,0,0
10/05/2013,0,0
11/05/2013,0,0
12/05/2013,0,0.14360014810448601
13/05/2013,0,0
14/05/2013,0,0
15/05/2013,0,0
16/05/2013,0,0
17/05/2013,0,0
18/05/2013,0,0
19/05/2013,0,0
20/05/2013,0,0
21/05/2013,0,0.29593530723026823
22/05/2013,0,0
23/05/2013,0,0
24/05/2013,0,0
25/05/2013,0,0
26/05/2013,0,0
27/05/2013,0,1.335828045649188
28/05/2013,0,1.2495248942148118
29/05/2013,0,0.4537674472445533
30/05/2013,0,0
31/05/2013,0,0.7020795331114814
01/06/2013,0,0
02/06/2013,0,0
03/06/2013,0,0
04/06/2013,0,0.40252571517512914
05/06/2013,0,0
06/06/2013,0,14.652508302813484
07/06/2013,0,2.039041043747039
08/06/2013,0,6.889374619438534
09/06/2013,0,3.494895503634498
10/06/2013,0,3.343309428010668
11/06/2013,0,17.780116489955358
12/06/2013,0,14.049037070501418
13/06/2013,0,36.73440283820743
14/06/2013,0,65.18104684920539
15/06/2013,0,42.61236359
16/06/2013,0,3.008298793009349
17/06/2013,0,0
18/06/2013,0,0.25566852447532473
19/06/2013,0,0
20/06/2013,0,0
21/06/2013,0,0.2549282056944711
22/06/2013,0,15.676318486531576
23/06/2013,0,6.570400050708225
24/06/2013,0,22.770797752198717
25/06/2013,0,33.56644961947487
26/06/2013,0,23.36770505
27/06/2013,0,6.166416531517392
28/06/2013,0,7.127416304
29/06/2013,0,0.087817178
30/06/2013,0,10.946487756002517
01/07/2013,0,0
02/07/2013,0,15.309228539466858
03/07/2013,0,12.879853890055703
04/07/2013,0,2.9130271531286693
05/07/2013,0,3.078755261642592
06/07/2013,0,0
07/07/2013,0,1.2268642442567008
08/07/2013,0,3.923238606680007
09/07/2013,0,16.54247898856799
10/07/2013,0,6.402752294426873
11/07/2013,0,13.219793569473993
12/07/2013,0,31.445989302226476
13/07/2013,0,8.378533534
14/07/2013,0,2.3496662832441784
15/07/2013,0,17.97365125020345
16/07/2013,0,8.348868909336272
17/07/2013,0,0.49630190964256016
18/07/2013,0,8.574031594253722
19/07/2013,0,8.361455284413838
20/07/2013,0,7.463305081639971
21/07/2013,0,13.819379545393444
22/07/2013,0,7.005526855
23/07/2013,0,35.34571811131069
24/07/2013,0,2.204130178406125
25/07/2013,0,24.40561951
26/07/2013,0,42.680098442804244
27/07/2013,0,30.604006335848855
28/07/2013,0,7.013336647124517
29/07/2013,0,16.427135126931326
30/07/2013,0,15.67337165560041
31/07/2013,0,101.5574593316941
01/08/2013,0,17.764357748485747
02/08/2013,0,9.668667066664923
03/08/2013,0,2.993860486007872
04/08/2013,0,1.5444710545596623
05/08/2013,0,10.74261967341105
06/08/2013,0,54.99580828348795
07/08/2013,0,18.119651141620817
08/08/2013,0,7.800658078
09/08/2013,0,8.152706645783924
10/08/2013,0,4.877096752325694
11/08/2013,0,0.8543351831890288
12/08/2013,0,0.5470778147379557
13/08/2013,0,19.635414083798725
14/08/2013,0,4.096364237013317
15/08/2013,0,1.8904441800855456
16/08/2013,0,9.691461824235462
17/08/2013,0,38.827502750215075
18/08/2013,0,18.203277644656954
19/08/2013,0,31.272809346516926
20/08/2013,0,1.422035966245901
21/08/2013,0,15.93065990152813
22/08/2013,0,8.59278663
23/08/2013,0,9.128668308258057
24/08/2013,0,3.0652181073313667
25/08/2013,0,0.9341991380566642
26/08/2013,0,0.2913694406549136
27/08/2013,0,1.0188116473811013
28/08/2013,0,12.351346191905794
29/08/2013,0,15.168564183371407
30/08/2013,0,0.15288251780328296
31/08/2013,0,0
01/09/2013,0,0.4869342190878732
02/09/2013,0,0.036994132
03/09/2013,0,1.9013640440645672
04/09/2013,0,3.5395392101435434
05/09/2013,0,0.3799855581351689
06/09/2013,0,0
07/09/2013,0,2.079223855620339
08/09/2013,0,3.885254096
09/09/2013,0,0.4696384955729757
10/09/2013,0,3.4072922418514886
11/09/2013,0,3.917352787085942
12/09/2013,0,4.391168580168769
13/09/2013,0,3.278038325763884
14/09/2013,0,11.218294218892144
15/09/2013,0,1.461445967356364
16/09/2013,0,13.98862746216002
17/09/2013,0,26.546990031287784
18/09/2013,0,4.828559605848222
19/09/2013,0,5.691654832590194
20/09/2013,0,10.914861037617637
21/09/2013,0,10.251837571461996
22/09/2013,0,7.5531622377179914
23/09/2013,0,0.7052907830192929
24/09/2013,0,0
25/09/2013,0,0
26/09/2013,0,8.682243588424864
27/09/2013,0,1.3313197663852148
28/09/2013,0,2.1543919571808408
29/09/2013,0,15.206339188984462
30/09/2013,0,7.997297502699352
01/10/2013,0,29.26859172185262
02/10/2013,0,11.486808708735875
03/10/2013,0,21.95517919177101
04/10/2013,0,6.719056129455566
05/10/2013,0,10.266391560435295
06/10/2013,0,0.15696725391206287
07/10/2013,0,0.6031338253191539
08/10/2013,0,7.359595202264332
09/10/2013,0,11.564676198221388
10/10/2013,0,7.687512823513576
11/10/2013,0,19.79459982258933
12/10/2013,0,0.016026398
13/10/2013,0,2.416413637853804
14/10/2013,0,6.123807259968349
15/10/2013,0,0
16/10/2013,0,0
17/10/2013,0,0
18/10/2013,0,0
19/10/2013,0,0
20/10/2013,0,0
21/10/2013,0,1.4591804487364632
22/10/2013,0,6.887532972154164
23/10/2013,0,5.118184291181111
24/10/2013,0,1.140366134899003
25/10/2013,0,3.0760406298296794
26/10/2013,0,20.91451699393136
27/10/2013,0,7.867201652
28/10/2013,0,0.7603896068675178
29/10/2013,0,0
30/10/2013,0,0
31/10/2013,0,0
01/11/2013,0,0
02/11/2013,0,0
03/11/2013,0,0
04/11/2013,0,0
05/11/2013,0,0
06/11/2013,0,0
07/11/2013,0,0
08/11/2013,0,0
09/11/2013,0,0
10/11/2013,0,0
11/11/2013,0,0
12/11/2013,0,0
13/11/2013,0,0
14/11/2013,0,0
15/11/2013,0,0
16/11/2013,0,0
17/11/2013,0,0
18/11/2013,0,0
19/11/2013,0,0
20/11/2013,0,0
21/11/2013,0,0
22/11/2013,0,0
23/11/2013,0,0
24/11/2013,0,0
25/11/2013,0,0
26/11/2013,0,0
27/11/2013,0,0
28/11/2013,0,0
29/11/2013,0,0
30/11/2013,0,0
01/12/2013,0,0
02/12/2013,0,0
03/12/2013,0,0
04/12/2013,0,0
05/12/2013,0,0
06/12/2013,0,0
07/12/2013,0,0
08/12/2013,0,0
09/12/2013,0,0
10/12/2013,0,0
11/12/2013,0,0
12/12/2013,0,0
13/12/2013,0,0
14/12/2013,0,0
15/12/2013,0,0
16/12/2013,0,0
17/12/2013,0,0
18/12/2013,0,0
19/12/2013,0,0
20/12/2013,0,0
21/12/2013,0,0
22/12/2013,0,0.17998015171005613
23/12/2013,0,0
24/12/2013,0,0
25/12/2013,0,0
26/12/2013,0,0
27/12/2013,0,0
28/12/2013,0,0
29/12/2013,0,0
30/12/2013,0,0
31/12/2013,0,0
01/01/2014,0,0
02/01/2014,0,0
03/01/2014,0,0
04/01/2014,0,0
05/01/2014,0,0
06/01/2014,0,0
07/01/2014,0,0
08/01/2014,0,0
09/01/2014,0,0
10/01/2014,0,0
11/01/2014,0,0
12/01/2014,0,0
13/01/2014,0,0
14/01/2014,0,0
15/01/2014,0,0
16/01/2014,0,0
17/01/2014,0,0
18/01/2014,0,0
19/01/2014,0,0
20/01/2014,0,0
21/01/2014,0,0
22/01/2014,0,0
23/01/2014,0,0
24/01/2014,0,0
25/01/2014,0,0
26/01/2014,0,0
27/01/2014,0,0
28/01/2014,0,0
29/01/2014,0,0
30/01/2014,0,0
31/01/2014,0,0
01/02/2014,0,0
02/02/2014,0,0
03/02/2014,0,0
04/02/2014,0,0
05/02/2014,0,0
06/02/2014,0,0
07/02/2014,0,0
08/02/2014,0,0
09/02/2014,0,0
10/02/2014,0,0
11/02/2014,0,0
12/02/2014,0,0
13/02/2014,0,0
14/02/2014,0,0
15/02/2014,0,0.7603502358709063
16/02/2014,0,0
17/02/2014,0,0.9481116192681449
18/02/2014,0,0
19/02/2014,0,0
20/02/2014,0,0
21/02/2014,0,0
22/02/2014,0,0
23/02/2014,0,0
24/02/2014,0,1.4953772539184207
25/02/2014,0,0
26/02/2014,0,0
27/02/2014,0,0.14362372032233647
28/02/2014,0,0.8717635862884068
01/03/2014,0,0.34215696510814486
02/03/2014,0,2.8064233632314775
03/03/2014,0,0
04/03/2014,0,3.1540685423782895
05/03/2014,0,0.16821955002489544
06/03/2014,0,0.018678919
07/03/2014,0,0.6128844817479452
08/03/2014,0,0.005732535
09/03/2014,0,3.3461074304013025
10/03/2014,0,4.781306378898167
11/03/2014,0,0.25720679937374025
12/03/2014,0,0
13/03/2014,0,0
14/03/2014,0,0
15/03/2014,0,1.2790183020489556
16/03/2014,0,0
17/03/2014,0,0
18/03/2014,0,0
19/03/2014,0,0
20/03/2014,0,0
21/03/2014,0,0
22/03/2014,0,0
23/03/2014,0,0
24/03/2014,0,0
25/03/2014,0,0
26/03/2014,0,0
27/03/2014,0,0
28/03/2014,0,0
29/03/2014,0,0
30/03/2014,0,0
31/03/2014,0,0
01/04/2014,0,0
02/04/2014,0,0
03/04/2014,0,0
04/04/2014,0,0
05/04/2014,0,0
06/04/2014,0,0
07/04/2014,0,0
08/04/2014,0,0
09/04/2014,0,0
10/04/2014,0,0.0648433
11/04/2014,0,0
12/04/2014,0,0
13/04/2014,0,0.004871528
14/04/2014,0,9.977044299
15/04/2014,0,1.7193282565900259
16/04/2014,0,0
17/04/2014,0,0.6938835155396235
18/04/2014,0,2.606345545677912
19/04/2014,0,0
20/04/2014,0,1.634869275348527
21/04/2014,0,0
22/04/2014,0,0
23/04/2014,0,1.0244534547839845
24/04/2014,0,0
25/04/2014,0,0
26/04/2014,0,0
27/04/2014,0,0
28/04/2014,0,0
29/04/2014,0,0
30/04/2014,0,0.6538357933362325
01/05/2014,0,0.067920877
02/05/2014,0,0
03/05/2014,0,0
04/05/2014,0,0
05/05/2014,0,0.021621607598804292
06/05/2014,0,0.078504503
07/05/2014,0,0.023205579746337163
08/05/2014,0,0
09/05/2014,0,0.48617609306460335
10/05/2014,0,0.15848866388911292
11/05/2014,0,0
12/05/2014,0,0
13/05/2014,0,0
14/05/2014,0,0.098766324
15/05/2014,0,0.010330273
16/05/2014,0,0
17/05/2014,0,0
18/05/2014,0,0
19/05/2014,0,0
20/05/2014,0,0
21/05/2014,0,0
22/05/2014,0,0
23/05/2014,0,0
24/05/2014,0,0
25/05/2014,0,0
26/05/2014,0,0.16162628219241187
27/05/2014,0,0.9397417533965338
28/05/2014,0,0.028079143592289517
29/05/2014,0,0
30/05/2014,0,0
31/05/2014,0,0.034594573
01/06/2014,0,0
02/06/2014,0,0
03/06/2014,0,5.159636456
04/06/2014,0,0
05/06/2014,0,0.059187062
06/06/2014,0,0
07/06/2014,0,0
08/06/2014,0,1.130409618928319
09/06/2014,0,0
10/06/2014,0,0
11/06/2014,0,0
12/06/2014,0,0
13/06/2014,0,0
14/06/2014,0,0.029785633087158203
15/06/2014,0,8.599322168599992
16/06/2014,0,5.2536221742630005
17/06/2014,0,0.4936161002232915
18/06/2014,0,8.232064614693323
19/06/2014,0,1.5590126734404337
20/06/2014,0,11.105539757580985
21/06/2014,0,2.3516634181141853
22/06/2014,0,0.069556252
23/06/2014,0,0
24/06/2014,0,0
25/06/2014,0,0
26/06/2014,0,1.6092595440291224
27/06/2014,0,9.43782622
28/06/2014,0,5.884158211094992
29/06/2014,0,0
30/06/2014,0,0.091050403
01/07/2014,0,0
02/07/2014,0,0
03/07/2014,0,0
04/07/2014,0,2.5325688208852495
05/07/2014,0,20.321162246522448
06/07/2014,0,1.8180310059161413
07/07/2014,0,0
08/07/2014,0,0.3816413198198591
09/07/2014,0,21.48003866700899
10/07/2014,0,0.5350887718654814
11/07/2014,0,41.10027347292219
12/07/2014,0,15.70489738101051
13/07/2014,0,0.6857570807139078
14/07/2014,0,11.871943649791536
15/07/2014,0,24.109680164427985
16/07/2014,0,13.448126372836885
17/07/2014,0,0.41641270617643994
18/07/2014,0,1.309206526
19/07/2014,0,12.933295572087879
20/07/2014,0,28.132157893407914
21/07/2014,0,142.36294410342262
22/07/2014,0,128.05723244803292
23/07/2014,0,20.759989375159854
24/07/2014,0,0.5036401557070869
25/07/2014,0,8.263526091618198
26/07/2014,0,5.2712366580963135
27/07/2014,0,8.421178874515352
28/07/2014,0,6.453128122
29/07/2014,0,29.795897937956312
30/07/2014,0,3.3471609410785494
31/07/2014,0,6.525807653154645
01/08/2014,0,2.6107845036756423
02/08/2014,0,23.124631447451456
03/08/2014,0,20.236063979920885
04/08/2014,0,39.95508906954811
05/08/2014,0,75.59797123500279
06/08/2014,0,8.362839857737223
07/08/2014,0,1.237636270977202
08/08/2014,0,2.5694490586008345
09/08/2014,0,0.20943249017000198
10/08/2014,0,6.882612820892107
11/08/2014,0,13.321507181440081
12/08/2014,0,10.03056119737171
13/08/2014,0,0.7963717750140599
14/08/2014,0,3.686034824166979
15/08/2014,0,0.9756436397631963
16/08/2014,0,0.016788266
17/08/2014,0,1.4004701368865513
18/08/2014,0,2.0358519124842824
19/08/2014,0,0.1767638964312417
20/08/2014,0,3.2679749688222293
21/08/2014,0,7.632177193959554
22/08/2014,0,3.9678305699711753
23/08/2014,0,31.23720863887242
24/08/2014,0,2.4976937834705626
25/08/2014,0,5.085623758179801
26/08/2014,0,2.1216359393937245
27/08/2014,0,6.736364262444632
28/08/2014,0,12.187771797180176
29/08/2014,0,7.627858000142234
30/08/2014,0,2.5142238849685308
31/08/2014,0,9.838213662306467
01/09/2014,0,26.59765080043248
02/09/2014,0,39.088353293282644
03/09/2014,0,16.047567537852697
04/09/2014,0,4.045880084946042
05/09/2014,0,0.46300764239969705
06/09/2014,0,5.322375596988769
07/09/2014,0,98.49741327
08/09/2014,0,19.604986837932042
09/09/2014,0,0.9611383697816304
10/09/2014,0,8.160724986167182
11/09/2014,0,2.3846445686760402
12/09/2014,0,0.47448809161072686
13/09/2014,0,0.8030348994902202
14/09/2014,0,3.7459666388375417
15/09/2014,0,8.450702360698156
16/09/2014,0,11.97885978
17/09/2014,0,0.251281894
18/09/2014,0,0.36301168444610776
19/09/2014,0,1.05639448
20/09/2014,0,22.202459607805526
21/09/2014,0,25.079237336204166
22/09/2014,0,6.373365531365077
23/09/2014,0,1.0145022897493272
24/09/2014,0,0
25/09/2014,0,0
26/09/2014,0,0
27/09/2014,0,0
28/09/2014,0,0
29/09/2014,0,0
30/09/2014,0,0
01/10/2014,0,0
02/10/2014,0,0
03/10/2014,0,0
04/10/2014,0,0
05/10/2014,0,0
06/10/2014,0,0
07/10/2014,0,0.042675148
08/10/2014,0,0.44085276410693214
09/10/2014,0,3.3012350457055226
10/10/2014,0,0
11/10/2014,0,0.23916904415403092
12/10/2014,0,2.0221145919391086
13/10/2014,0,53.14581980024065
14/10/2014,0,21.439902441842214
15/10/2014,0,0
16/10/2014,0,2.3112595961207436
17/10/2014,0,0.13810313883281888
18/10/2014,0,0
19/10/2014,0,0
20/10/2014,0,0
21/10/2014,0,0
22/10/2014,0,0
23/10/2014,0,0
24/10/2014,0,0
25/10/2014,0,0
26/10/2014,0,0.9138781371570769
27/10/2014,0,7.991043459801447
28/10/2014,0,0
29/10/2014,0,0
30/10/2014,0,0
31/10/2014,0,0
01/11/2014,0,0
02/11/2014,0,0
03/11/2014,0,0
04/11/2014,0,0
05/11/2014,0,0
06/11/2014,0,0
07/11/2014,0,0
08/11/2014,0,0
09/11/2014,0,0
10/11/2014,0,0
11/11/2014,0,0
12/11/2014,0,0
13/11/2014,0,2.260819237856638
14/11/2014,0,0
15/11/2014,0,0
16/11/2014,0,0
17/11/2014,0,0
18/11/2014,0,0
19/11/2014,0,0
20/11/2014,0,0
21/11/2014,0,0
22/11/2014,0,0
23/11/2014,0,0
24/11/2014,0,0
25/11/2014,0,0
26/11/2014,0,0
27/11/2014,0,0
28/11/2014,0,0
29/11/2014,0,0
30/11/2014,0,0
01/12/2014,0,0
02/12/2014,0,0
03/12/2014,0,0
04/12/2014,0,0
05/12/2014,0,0
06/12/2014,0,0
07/12/2014,0,0
08/12/2014,0,0
09/12/2014,0,0
10/12/2014,0,0
11/12/2014,0,0
12/12/2014,0,0
13/12/2014,0,0
14/12/2014,0,0
15/12/2014,0,0
16/12/2014,0,0
17/12/2014,0,0
18/12/2014,0,0
19/12/2014,0,0
20/12/2014,0,0
21/12/2014,0,0
22/12/2014,0,0
23/12/2014,0,0
24/12/2014,0,0
25/12/2014,0,0
26/12/2014,0,0
27/12/2014,0,0
28/12/2014,0,0
29/12/2014,0,0
30/12/2014,0,0
31/12/2014,0,0
01/01/2015,0,0
02/01/2015,0,1.9939370212100802
03/01/2015,0,6.835592333050001
04/01/2015,0,21.24651370729719
05/01/2015,0,0
06/01/2015,0,0
07/01/2015,0,0
08/01/2015,0,0
09/01/2015,0,0
10/01/2015,0,0
11/01/2015,0,0
12/01/2015,0,0
13/01/2015,0,0
14/01/2015,0,0
15/01/2015,0,0
16/01/2015,0,0
17/01/2015,0,0
18/01/2015,0,0
19/01/2015,0,0
20/01/2015,0,0
21/01/2015,0,0
22/01/2015,0,0
23/01/2015,0,0
24/01/2015,0,0
25/01/2015,0,0
26/01/2015,0,0
27/01/2015,0,0
28/01/2015,0,0
29/01/2015,0,0
30/01/2015,0,0
31/01/2015,0,0
01/02/2015,0,0
02/02/2015,0,0
03/02/2015,0,0
04/02/2015,0,0
05/02/2015,0,0
06/02/2015,0,0
07/02/2015,0,0
08/02/2015,0,0
09/02/2015,0,0
10/02/2015,0,0
11/02/2015,0,0
12/02/2015,0,0
13/02/2015,0,0
14/02/2015,0,0
15/02/2015,0,0
16/02/2015,0,0
17/02/2015,0,0
18/02/2015,0,0
19/02/2015,0,0
20/02/2015,0,0
21/02/2015,0,0
22/02/2015,0,0
23/02/2015,0,0
24/02/2015,0,0
25/02/2015,0,0
26/02/2015,0,0
27/02/2015,0,0
28/02/2015,0,0
01/03/2015,0,0
02/03/2015,0,9.564808763208843
03/03/2015,0,7.975608692282722
04/03/2015,0,3.508823267051152
05/03/2015,0,0
06/03/2015,0,0
07/03/2015,0,0
08/03/2015,0,0
09/03/2015,0,0.22242449862616404
10/03/2015,0,0
11/03/2015,0,0
12/03/2015,0,0
13/03/2015,0,0
14/03/2015,0,0
15/03/2015,0,0
16/03/2015,0,0
17/03/2015,0,0
18/03/2015,0,0
19/03/2015,0,0
20/03/2015,0,0
21/03/2015,0,0
22/03/2015,0,0
23/03/2015,0,0
24/03/2015,0,0
25/03/2015,0,0
26/03/2015,0,0
27/03/2015,0,0
28/03/2015,0,0
29/03/2015,0,0
30/03/2015,0,0.096154376
31/03/2015,0,0.3400970289394969
01/04/2015,0,0
02/04/2015,0,0
03/04/2015,0,0
04/04/2015,0,0
05/04/2015,0,0
06/04/2015,0,0
07/04/2015,0,0
08/04/2015,0,0.3743157457737696
09/04/2015,0,0.9388120763358616
10/04/2015,0,2.194030607030505
11/04/2015,0,5.0822080089932395
12/04/2015,0,15.22143869243917
13/04/2015,0,0.098939525
14/04/2015,0,3.709531097894623
15/04/2015,0,2.8271294165225256
16/04/2015,0,4.0326078335444135
17/04/2015,0,0.10840413896810441
18/04/2015,0,0
19/04/2015,0,0
20/04/2015,0,0
21/04/2015,0,0
22/04/2015,0,0
23/04/2015,0,0
24/04/2015,0,1.3164438754320145
25/04/2015,0,0
26/04/2015,0,0.1618452916542689
27/04/2015,0,2.1494821317139126
28/04/2015,0,0
29/04/2015,0,0
30/04/2015,0,0
01/05/2015,0,0.048367249
02/05/2015,0,0.1410108506679535
03/05/2015,0,1.8444884348483312
04/05/2015,0,2.603644013404846
05/05/2015,0,0
06/05/2015,0,0
07/05/2015,0,0
08/05/2015,0,0
09/05/2015,0,0
10/05/2015,0,0
11/05/2015,0,0
12/05/2015,0,0
13/05/2015,0,0
14/05/2015,0,1.4681380192438762
15/05/2015,0,0
16/05/2015,0,9.635934587
17/05/2015,0,0
18/05/2015,0,0
19/05/2015,0,0
20/05/2015,0,0
21/05/2015,0,0
22/05/2015,0,0
23/05/2015,0,0
24/05/2015,0,0
25/05/2015,0,0
26/05/2015,0,0
27/05/2015,0,0.7356127571491968
28/05/2015,0,0
29/05/2015,0,0
30/05/2015,0,0
31/05/2015,0,0
01/06/2015,0,5.957902329308646
02/06/2015,0,0
03/06/2015,0,0.090753489
04/06/2015,0,0
05/06/2015,0,8.982537683986482
06/06/2015,0,13.005863921982902
07/06/2015,0,0.2194187350216366
08/06/2015,0,0.6815831278051648
09/06/2015,0,0
10/06/2015,0,0
11/06/2015,0,0
12/06/2015,0,28.780413218906947
13/06/2015,0,2.0095586748350236
14/06/2015,0,3.3036282630193803
15/06/2015,0,7.571139715257145
16/06/2015,0,18.903186060133436
17/06/2015,0,14.935763118522507
18/06/2015,0,2.4256882043111894
19/06/2015,0,10.168134696426845
20/06/2015,0,15.718755103292919
21/06/2015,0,59.250666351545426
22/06/2015,0,83.18328948
23/06/2015,0,25.44661744435628
24/06/2015,0,0.2633629824434008
25/06/2015,0,0.011372696
26/06/2015,0,7.502356875510443
27/06/2015,0,0.039458041
28/06/2015,0,0.006347904
29/06/2015,0,7.245276351060186
30/06/2015,0,2.3887724720296406
01/07/2015,0,8.615445239203316
02/07/2015,0,3.3210461891832805
03/07/2015,0,5.337104618549347
04/07/2015,0,0
05/07/2015,0,0
06/07/2015,0,0
07/07/2015,0,0
08/07/2015,0,0
09/07/2015,0,6.276438131928444
10/07/2015,0,26.15703905196417
11/07/2015,0,33.39814894539969
12/07/2015,0,4.3970511839503335
13/07/2015,0,2.447958897267069
14/07/2015,0,14.243410553250994
15/07/2015,0,2.230119004845619
16/07/2015,0,5.2030135833081745
17/07/2015,0,1.0758030471347628
18/07/2015,0,0.5275228569904963
19/07/2015,0,11.993160622460502
20/07/2015,0,14.530843235197521
21/07/2015,0,5.988347578616369
22/07/2015,0,3.7685938136918202
23/07/2015,0,7.330327468258994
24/07/2015,0,15.76038342430478
25/07/2015,0,1.1342691005695433
26/07/2015,0,1.7495039105415344
27/07/2015,0,0.6582228945834296
28/07/2015,0,0
29/07/2015,0,0.006498684
30/07/2015,0,0.048584693
31/07/2015,0,0
01/08/2015,0,0
02/08/2015,0,0.6270306152956826
03/08/2015,0,0.7603179784048171
04/08/2015,0,11.62892300742013
05/08/2015,0,2.0365616040570393
06/08/2015,0,3.3371728240024474
07/08/2015,0,2.464242622965858
08/08/2015,0,5.700836393095198
09/08/2015,0,0.15217082131476628
10/08/2015,0,10.679300389119557
11/08/2015,0,12.036616756802513
12/08/2015,0,24.20027262256259
13/08/2015,0,35.95237486703055
14/08/2015,0,12.247697762080602
15/08/2015,0,1.2291482467026937
16/08/2015,0,0.11489128853593554
17/08/2015,0,5.106531546229408
18/08/2015,0,4.174889121736799
19/08/2015,0,0.29800577071451007
20/08/2015,0,10.62792950584775
21/08/2015,0,0.047063067
22/08/2015,0,7.535919561272576
23/08/2015,0,0.21166475613911948
24/08/2015,0,5.23338061
25/08/2015,0,0
26/08/2015,0,0.8722498189835322
27/08/2015,0,30.07374804360526
28/08/2015,0,21.649273509070987
29/08/2015,0,26.569796618961153
30/08/2015,0,16.164647965204146
31/08/2015,0,3.354369204668772
01/09/2015,0,4.858072783265795
02/09/2015,0,15.381081541379293
03/09/2015,0,0.03259086
04/09/2015,0,0.011372696
05/09/2015,0,8.854875133
06/09/2015,0,0
07/09/2015,0,0.39707896964890615
08/09/2015,0,1.3819309700103033
09/09/2015,0,4.0644197563330335
10/09/2015,0,3.533526014714014
11/09/2015,0,1.582573367016656
12/09/2015,0,1.0089453089804876
13/09/2015,0,4.803288930938358
14/09/2015,0,3.8570742103315534
15/09/2015,0,24.255555913561867
16/09/2015,0,60.88933962867374
17/09/2015,0,99.86633645920526
18/09/2015,0,3.128783797933942
19/09/2015,0,0.9420080064308076
20/09/2015,0,9.064630656015305
21/09/2015,0,37.79968497866676
22/09/2015,0,0
23/09/2015,0,0.2941714000134241
24/09/2015,0,0.11195694903532664
25/09/2015,0,0
26/09/2015,0,0
27/09/2015,0,0
28/09/2015,0,0
29/09/2015,0,0
30/09/2015,0,0
01/10/2015,0,0
02/10/2015,0,0.11837412345977057
03/10/2015,0,0.19888601487591154
04/10/2015,0,3.1395823451734723
05/10/2015,0,0.11466188019230253
06/10/2015,0,0
07/10/2015,0,0
08/10/2015,0,0
09/10/2015,0,0
10/10/2015,0,0
11/10/2015,0,0
12/10/2015,0,0
13/10/2015,0,0
14/10/2015,0,0
15/10/2015,0,3.469424585501353
16/10/2015,0,0
17/10/2015,0,0
18/10/2015,0,0
19/10/2015,0,0
20/10/2015,0,0
21/10/2015,0,0
22/10/2015,0,0
23/10/2015,0,0
24/10/2015,0,0
25/10/2015,0,0
26/10/2015,0,0
27/10/2015,0,0
28/10/2015,0,0
29/10/2015,0,0
30/10/2015,0,1.3595752375466483
31/10/2015,0,2.363404038761343
01/11/2015,0,0
02/11/2015,0,0
03/11/2015,0,0
04/11/2015,0,0
05/11/2015,0,0
06/11/2015,0,0
07/11/2015,0,0
08/11/2015,0,0
09/11/2015,0,0
10/11/2015,0,0
11/11/2015,0,0
12/11/2015,0,0
13/11/2015,0,0
14/11/2015,0,0
15/11/2015,0,0
16/11/2015,0,0
17/11/2015,0,0
18/11/2015,0,0
19/11/2015,0,0
20/11/2015,0,0
21/11/2015,0,0
22/11/2015,0,0
23/11/2015,0,0
24/11/2015,0,0
25/11/2015,0,0
26/11/2015,0,0
27/11/2015,0,0
28/11/2015,0,0
29/11/2015,0,0
30/11/2015,0,0
01/12/2015,0,0
02/12/2015,0,0
03/12/2015,0,0
04/12/2015,0,0
05/12/2015,0,0
06/12/2015,0,0
07/12/2015,0,0
08/12/2015,0,0
09/12/2015,0,0
10/12/2015,0,0
11/12/2015,0,0
12/12/2015,0,0
13/12/2015,0,0.027159049397423154
14/12/2015,0,0
15/12/2015,0,0
16/12/2015,0,0
17/12/2015,0,0
18/12/2015,0,0
19/12/2015,0,0
20/12/2015,0,0
21/12/2015,0,0
22/12/2015,0,0
23/12/2015,0,0
24/12/2015,0,0
25/12/2015,0,0
26/12/2015,0,0
27/12/2015,0,0
28/12/2015,0,0
29/12/2015,0,0
30/12/2015,0,0
31/12/2015,0,0
01/01/2016,0,0
02/01/2016,0,0
03/01/2016,0,0
04/01/2016,0,0
05/01/2016,0,0
06/01/2016,0,0
07/01/2016,0,0
08/01/2016,0,0
09/01/2016,0,0
10/01/2016,0,0
11/01/2016,0,0
12/01/2016,0,0
13/01/2016,0,0
14/01/2016,0,0
15/01/2016,0,0
16/01/2016,0,0
17/01/2016,0,0
18/01/2016,0,0
19/01/2016,0,0
20/01/2016,0,8.235465274
21/01/2016,0,0.00807744
22/01/2016,0,0
23/01/2016,0,0
24/01/2016,0,0
25/01/2016,0,0
26/01/2016,0,0
27/01/2016,0,0
28/01/2016,0,0
29/01/2016,0,0
30/01/2016,0,0
31/01/2016,0,0
01/02/2016,0,0
02/02/2016,0,0
03/02/2016,0,0
04/02/2016,0,0
05/02/2016,0,0
06/02/2016,0,0
07/02/2016,0,0
08/02/2016,0,0
09/02/2016,0,0
10/02/2016,0,0
11/02/2016,0,0
12/02/2016,0,0
13/02/2016,0,0
14/02/2016,0,0
15/02/2016,0,0
16/02/2016,0,0
17/02/2016,0,0
18/02/2016,0,0
19/02/2016,0,0
20/02/2016,0,0
21/02/2016,0,0
22/02/2016,0,0
23/02/2016,0,0
24/02/2016,0,0
25/02/2016,0,0
26/02/2016,0,0
27/02/2016,0,0
28/02/2016,0,0
29/02/2016,0,0
01/03/2016,0,4.435418698049727
02/03/2016,0,0
03/03/2016,0,0
04/03/2016,0,0
05/03/2016,0,0
06/03/2016,0,0
07/03/2016,0,0
08/03/2016,0,0
09/03/2016,0,0
10/03/2016,0,0
11/03/2016,0,0
12/03/2016,0,0
13/03/2016,0,0
14/03/2016,0,1.9298271111079626
15/03/2016,0,5.588758037203834
16/03/2016,0,8.450924124036517
17/03/2016,0,0
18/03/2016,0,0
19/03/2016,0,0
20/03/2016,0,0
21/03/2016,0,0
22/03/2016,0,0
23/03/2016,0,0
24/03/2016,0,0
25/03/2016,0,0
26/03/2016,0,0
27/03/2016,0,0
28/03/2016,0,1.3927423854668934
29/03/2016,0,0
30/03/2016,0,0
31/03/2016,0,2.0162283096994673
01/04/2016,0,0
02/04/2016,0,0
03/04/2016,0,0
04/04/2016,0,0
05/04/2016,0,0.013018984879766191
06/04/2016,0,0
07/04/2016,0,0
08/04/2016,0,0.17134598749024527
09/04/2016,0,0
10/04/2016,0,0
11/04/2016,0,0
12/04/2016,0,0
13/04/2016,0,0
14/04/2016,0,0
15/04/2016,0,0
16/04/2016,0,0
17/04/2016,0,0
18/04/2016,0,0
19/04/2016,0,0
20/04/2016,0,0
21/04/2016,0,0
22/04/2016,0,0
23/04/2016,0,0
24/04/2016,0,0
25/04/2016,0,0
26/04/2016,0,0
27/04/2016,0,1.8890799205927622
28/04/2016,0,1.053718129793803
29/04/2016,0,0
30/04/2016,0,1.3135169545809429
01/05/2016,0,0
02/05/2016,0,0
03/05/2016,0,0.020236687
04/05/2016,0,0.4134721528916132
05/05/2016,0,5.446198960145314
06/05/2016,0,1.4670853032952262
07/05/2016,0,0
08/05/2016,0,0
09/05/2016,0,0.5102379080795106
10/05/2016,0,1.6414792629934492
11/05/2016,0,16.310498907452537
12/05/2016,0,0
13/05/2016,0,0.034682086535862515
14/05/2016,0,0.018805644
15/05/2016,0,0
16/05/2016,0,0
17/05/2016,0,0
18/05/2016,0,0
19/05/2016,0,0
20/05/2016,0,0
21/05/2016,0,1.9655557558650063
22/05/2016,0,0.20625715241545722
23/05/2016,0,0
24/05/2016,0,0
25/05/2016,0,0
26/05/2016,0,0
27/05/2016,0,0.077431528
28/05/2016,0,0.015853607938403173
29/05/2016,0,0
30/05/2016,0,0
31/05/2016,0,0
01/06/2016,0,0
02/06/2016,0,0
03/06/2016,0,0
04/06/2016,0,0.13810313883281888
05/06/2016,0,0
06/06/2016,0,0.6764719926175617
07/06/2016,0,8.273343191260384
08/06/2016,0,13.509459586370559
09/06/2016,0,0.5949691704341343
10/06/2016,0,0.1775611780938648
11/06/2016,0,0.6242702802022299
12/06/2016,0,15.021466107595534
13/06/2016,0,3.1340675183704922
14/06/2016,0,6.9453358962422325
15/06/2016,0,0
16/06/2016,0,0
17/06/2016,0,2.5529231301375797
18/06/2016,0,27.385181790306454
19/06/2016,0,0.4231982660435495
20/06/2016,0,2.080570489168167
21/06/2016,0,0
22/06/2016,0,0
23/06/2016,0,1.3642076608680545
24/06/2016,0,35.58784694
25/06/2016,0,2.7520682343414853
26/06/2016,0,11.333387688511895
27/06/2016,0,7.595147780009678
28/06/2016,0,34.01366011301676
29/06/2016,0,20.74910833722069
30/06/2016,0,16.824892983550118
01/07/2016,0,31.981956697645643
02/07/2016,0,8.946843783060709
03/07/2016,0,45.86391183308193
04/07/2016,0,11.883856818789528
05/07/2016,0,11.364664032345726
06/07/2016,0,3.783279240131378
07/07/2016,0,8.749935626983643
08/07/2016,0,11.468801952543712
09/07/2016,0,41.59144991920108
10/07/2016,0,56.924953494753154
11/07/2016,0,47.244117418924965
12/07/2016,0,14.723155464444842
13/07/2016,0,6.800782867840359
14/07/2016,0,1.5715473641951878
15/07/2016,0,0
16/07/2016,0,8.752726180212838
17/07/2016,0,7.531101446776163
18/07/2016,0,6.455917928900037
19/07/2016,0,1.1485550350376539
20/07/2016,0,1.1838765112417085
21/07/2016,0,23.74247035526094
22/07/2016,0,30.392808437347412
23/07/2016,0,6.220916418802171
24/07/2016,0,6.621774599665687
25/07/2016,0,6.209344881
26/07/2016,0,13.295763129279727
27/07/2016,0,8.335201036
28/07/2016,0,1.4134635840143477
29/07/2016,0,9.923614435962268
30/07/2016,0,10.352757811546326
31/07/2016,0,3.7778420448303223
01/08/2016,0,2.042087794769378
02/08/2016,0,94.65866379510788
03/08/2016,0,32.62499931880406
04/08/2016,0,17.197317131928035
05/08/2016,0,51.28478495279948
06/08/2016,0,30.777281261625745
07/08/2016,0,63.55385771
08/08/2016,0,15.66539710476285
09/08/2016,0,8.391990934
10/08/2016,0,3.1328282200154804
11/08/2016,0,15.835213675385429
12/08/2016,0,4.646058924141384
13/08/2016,0,5.082483354068938
14/08/2016,0,1.411241392294566
15/08/2016,0,5.9503821822858995
16/08/2016,0,13.723227577550071
17/08/2016,0,4.135310089304333
18/08/2016,0,0.4404752736999875
19/08/2016,0,0
20/08/2016,0,0
21/08/2016,0,0
22/08/2016,0,0
23/08/2016,0,1.4659265212359882
24/08/2016,0,0.099736229
25/08/2016,0,0.1472765462739127
26/08/2016,0,25.483035399800254
27/08/2016,0,19.278392814454577
28/08/2016,0,7.814379513263702
29/08/2016,0,1.81481646
30/08/2016,0,0.4214400081407456
31/08/2016,0,42.19190302349272
01/09/2016,0,5.7463402804874235
02/09/2016,0,3.973990411985488
03/09/2016,0,17.832863716852096
04/09/2016,0,5.813671634310768
05/09/2016,0,7.390909989674886
06/09/2016,0,0.17571607303051723
07/09/2016,0,1.511015032018934
08/09/2016,0,1.1902402809688024
09/09/2016,0,7.596563211509159
10/09/2016,0,34.305075282142276
11/09/2016,0,54.586289360409694
12/09/2016,0,35.86961437974657
13/09/2016,0,11.701907055718559
14/09/2016,0,6.241782279241653
15/09/2016,0,4.689390263387135
16/09/2016,0,2.1314649887028194
17/09/2016,0,2.150785650525774
18/09/2016,0,10.573733160183544
19/09/2016,0,4.067277459161622
20/09/2016,0,8.569239602202462
21/09/2016,0,13.176449449289413
22/09/2016,0,1.322262446085612
23/09/2016,0,0.9154874909491766
24/09/2016,0,1.5770972136940276
25/09/2016,0,19.90707742600214
26/09/2016,0,6.834932264827547
27/09/2016,0,33.65980775015695
28/09/2016,0,11.016074498494467
29/09/2016,0,21.67209364
30/09/2016,0,9.383234886896043
01/10/2016,0,10.601718898330416
02/10/2016,0,11.477773155484881
03/10/2016,0,9.037591794771808
04/10/2016,0,2.8208455393711724
05/10/2016,0,2.3665258416107724
06/10/2016,0,0.016782748
07/10/2016,0,19.424485388256254
08/10/2016,0,23.370866877692087
09/10/2016,0,25.608133179800852
10/10/2016,0,18.272586061840965
11/10/2016,0,0.093297456
12/10/2016,0,0
13/10/2016,0,0
14/10/2016,0,0
15/10/2016,0,0
16/10/2016,0,0
17/10/2016,0,0
18/10/2016,0,0
19/10/2016,0,0
20/10/2016,0,0
21/10/2016,0,0
22/10/2016,0,0
23/10/2016,0,0
24/10/2016,0,0
25/10/2016,0,0
26/10/2016,0,0
27/10/2016,0,0
28/10/2016,0,0
29/10/2016,0,0
30/10/2016,0,0.45619012060619535
31/10/2016,0,0
01/11/2016,0,0
02/11/2016,0,0
03/11/2016,0,0
04/11/2016,0,0
05/11/2016,0,0
06/11/2016,0,0
07/11/2016,0,0
08/11/2016,0,0
09/11/2016,0,0
10/11/2016,0,0
11/11/2016,0,0
12/11/2016,0,0
13/11/2016,0,0
14/11/2016,0,0
15/11/2016,0,0
16/11/2016,0,0
17/11/2016,0,0
18/11/2016,0,0
19/11/2016,0,0
20/11/2016,0,0
21/11/2016,0,0
22/11/2016,0,0
23/11/2016,0,0
24/11/2016,0,0
25/11/2016,0,0
26/11/2016,0,0
27/11/2016,0,0
28/11/2016,0,0
29/11/2016,0,0
30/11/2016,0,0
01/12/2016,0,0
02/12/2016,0,0
03/12/2016,0,0
04/12/2016,0,0
05/12/2016,0,0
06/12/2016,0,0
07/12/2016,0,0
08/12/2016,0,0
09/12/2016,0,0
10/12/2016,0,0
11/12/2016,0,0
12/12/2016,0,0
13/12/2016,0,0
14/12/2016,0,0
15/12/2016,0,0
16/12/2016,0,0
17/12/2016,0,0
18/12/2016,0,0
19/12/2016,0,0
20/12/2016,0,0
21/12/2016,0,0
22/12/2016,0,0
23/12/2016,0,0
24/12/2016,0,0
25/12/2016,0,0
26/12/2016,0,0
27/12/2016,0,0
28/12/2016,0,0
29/12/2016,0,0
30/12/2016,0,0
31/12/2016,0,0
01/01/2017,0,0
02/01/2017,0,0
03/01/2017,0,0
04/01/2017,0,0
05/01/2017,0,0
06/01/2017,0,0
07/01/2017,0,0
08/01/2017,0,0
09/01/2017,0,0
10/01/2017,0,0
11/01/2017,0,0
12/01/2017,0,0
13/01/2017,0,0
14/01/2017,0,0
15/01/2017,0,0
16/01/2017,0,0
17/01/2017,0,0
18/01/2017,0,0
19/01/2017,0,0
20/01/2017,0,0
21/01/2017,0,0
22/01/2017,0,0
23/01/2017,0,0
24/01/2017,0,0
25/01/2017,0,0
26/01/2017,0,0
27/01/2017,0,0
28/01/2017,0,0
29/01/2017,0,0
30/01/2017,0,0
31/01/2017,0,0
01/02/2017,0,0
02/02/2017,0,0
03/02/2017,0,0
04/02/2017,0,0
05/02/2017,0,0
06/02/2017,0,0
07/02/2017,0,0
08/02/2017,0,0
09/02/2017,0,0
10/02/2017,0,0
11/02/2017,0,0
12/02/2017,0,0
13/02/2017,0,0
14/02/2017,0,0
15/02/2017,0,0
16/02/2017,0,0
17/02/2017,0,0
18/02/2017,0,0
19/02/2017,0,0
20/02/2017,0,0
21/02/2017,0,0
22/02/2017,0,0
23/02/2017,0,0
24/02/2017,0,0
25/02/2017,0,0
26/02/2017,0,0
27/02/2017,0,0
28/02/2017,0,0
01/03/2017,0,0
02/03/2017,0,0
03/03/2017,0,0
04/03/2017,0,0
05/03/2017,0,0
06/03/2017,0,0
07/03/2017,0,0
08/03/2017,0,3.322472734820275
09/03/2017,0,0.082861879
10/03/2017,0,0.1651557378825687
11/03/2017,0,0.659060674
12/03/2017,0,0
13/03/2017,0,0
14/03/2017,0,0
15/03/2017,0,0
16/03/2017,0,0
17/03/2017,0,0
18/03/2017,0,0
19/03/2017,0,0
20/03/2017,0,0
21/03/2017,0,0
22/03/2017,0,0
23/03/2017,0,0
24/03/2017,0,0
25/03/2017,0,0
26/03/2017,0,0
27/03/2017,0,0
28/03/2017,0,0
29/03/2017,0,0
30/03/2017,0,0
31/03/2017,0,0
01/04/2017,0,0
02/04/2017,0,0
03/04/2017,0,0
04/04/2017,0,0
05/04/2017,0,0
06/04/2017,0,0
07/04/2017,0,0
08/04/2017,0,0
09/04/2017,0,0
10/04/2017,0,0
11/04/2017,0,0
12/04/2017,0,0
13/04/2017,0,0
14/04/2017,0,0
15/04/2017,0,0
16/04/2017,0,0
17/04/2017,0,0
18/04/2017,0,0
19/04/2017,0,0
20/04/2017,0,0
21/04/2017,0,0
22/04/2017,0,0
23/04/2017,0,0
24/04/2017,0,0
25/04/2017,0,0
26/04/2017,0,0
27/04/2017,0,0
28/04/2017,0,0
29/04/2017,0,0
30/04/2017,0,0
01/05/2017,0,0
02/05/2017,0,0
03/05/2017,0,0
04/05/2017,0,0
05/05/2017,0,0
06/05/2017,0,0
07/05/2017,0,3.003604252423559
08/05/2017,0,0.025945456
09/05/2017,0,0
10/05/2017,0,0.043403844038645424
11/05/2017,0,0
12/05/2017,0,1.596871547755741
13/05/2017,0,0.15198128067311786
14/05/2017,0,0.027257629803248813
15/05/2017,0,0.21951743960380554
16/05/2017,0,0
17/05/2017,0,0
18/05/2017,0,0
19/05/2017,0,0
20/05/2017,0,0
21/05/2017,0,0
22/05/2017,0,0
23/05/2017,0,0
24/05/2017,0,0
25/05/2017,0,0
26/05/2017,0,0.11743884143375215
27/05/2017,0,0.20525495814425604
28/05/2017,0,6.175986365548202
29/05/2017,0,1.0473436383264405
30/05/2017,0,2.7037272978396643
31/05/2017,0,2.509754779792967
01/06/2017,0,0.24361062865881694
02/06/2017,0,4.302065838660512
03/06/2017,0,0
04/06/2017,0,0
05/06/2017,0,0
06/06/2017,0,1.4226164470116298
07/06/2017,0,0.018627331
08/06/2017,0,11.557873666286469
09/06/2017,0,9.766507319041661
10/06/2017,0,2.359277308696792
11/06/2017,0,10.536995655014401
12/06/2017,0,0.656676207
13/06/2017,0,6.805505877449399
14/06/2017,0,0
15/06/2017,0,0
16/06/2017,0,17.682372797103156
17/06/2017,0,0
18/06/2017,0,5.271713838690803
19/06/2017,0,0.10259090009189788
20/06/2017,0,0
21/06/2017,0,1.2714983480317252
22/06/2017,0,23.531336148579914
23/06/2017,0,8.450292582
24/06/2017,0,0.11865456047512236
25/06/2017,0,34.99949189594814
26/06/2017,0,8.633255181
27/06/2017,0,28.164036024184455
28/06/2017,0,14.100706456317788
29/06/2017,0,2.620729679153079
30/06/2017,0,14.798253161566597
01/07/2017,0,7.468284330197743
02/07/2017,0,14.768777415865944
03/07/2017,0,8.059667314801898
04/07/2017,0,1.4125430278834843
05/07/2017,0,9.069274564584097
06/07/2017,0,2.8670613389639628
07/07/2017,0,0.1993189099289122
08/07/2017,0,0
09/07/2017,0,0
10/07/2017,0,11.696497683014188
11/07/2017,0,4.694824956712269
12/07/2017,0,11.328048024858747
13/07/2017,0,0.39919637072653996
14/07/2017,0,1.2599647683756692
15/07/2017,0,14.039469389688401
16/07/2017,0,9.684342045159568
17/07/2017,0,12.358980678376698
18/07/2017,0,98.86404255458287
19/07/2017,0,71.33286467052642
20/07/2017,0,6.341735225348246
21/07/2017,0,1.5179090272812616
22/07/2017,0,0.22939993902331307
23/07/2017,0,4.741898679
24/07/2017,0,4.062367060354778
25/07/2017,0,6.592414390473139
26/07/2017,0,11.804061935061501
27/07/2017,0,17.42160211290632
28/07/2017,0,1.9376257828303747
29/07/2017,0,1.7920839672996884
30/07/2017,0,0.6366100407072476
31/07/2017,0,1.3750523640995933
01/08/2017,0,3.957777840750558
02/08/2017,0,0.23166004710254215
03/08/2017,0,2.282676439909708
04/08/2017,0,0.31133787404923213
05/08/2017,0,2.338185809907459
06/08/2017,0,14.142894767579579
07/08/2017,0,1.8214914025295348
08/08/2017,0,17.59213663708596
09/08/2017,0,13.599510506505059
10/08/2017,0,3.1000136108625505
11/08/2017,0,1.7680133410862513
12/08/2017,0,3.9407524097533453
13/08/2017,0,1.1975317604485012
14/08/2017,0,9.976265640485854
15/08/2017,0,2.200166481591406
16/08/2017,0,0.5896786465531304
17/08/2017,0,2.0492768571490334
18/08/2017,0,28.79769938332694
19/08/2017,0,35.655952362787154
20/08/2017,0,6.287538578
21/08/2017,0,2.7706410572642373
22/08/2017,0,0.6614118385173026
23/08/2017,0,0.7835115350428081
24/08/2017,0,15.157035197530474
25/08/2017,0,8.139818370342255
26/08/2017,0,6.539600744133904
27/08/2017,0,11.547162016232809
28/08/2017,0,18.158239943640574
29/08/2017,0,49.24623689197359
30/08/2017,0,3.038719747747694
31/08/2017,0,0
01/09/2017,0,5.962422473799615
02/09/2017,0,1.8289138908897127
03/09/2017,0,0
04/09/2017,0,6.179434501
05/09/2017,0,0.072308771
06/09/2017,0,0.10323264059566316
07/09/2017,0,2.1664776844637736
08/09/2017,0,0.768495649
09/09/2017,0,13.484892453466143
10/09/2017,0,11.317491395132881
11/09/2017,0,0.019088569141569593
12/09/2017,0,1.6570889971085958
13/09/2017,0,21.259236154102144
14/09/2017,0,20.907376016889298
15/09/2017,0,3.8719888982318698
16/09/2017,0,0.36154383704775855
17/09/2017,0,3.627998719612757
18/09/2017,0,8.364950134640647
19/09/2017,0,3.4974794543924785
20/09/2017,0,46.20455705551874
21/09/2017,0,18.33215416045416
22/09/2017,0,1.371852777543522
23/09/2017,0,0
24/09/2017,0,0
25/09/2017,0,0.04809382
26/09/2017,0,0
27/09/2017,0,0
28/09/2017,0,1.9354650725920994
29/09/2017,0,9.560680465329261
30/09/2017,0,15.61239056360154
01/10/2017,0,6.869240088122232
02/10/2017,0,1.4567912859576089
03/10/2017,0,0.1801455645334153
04/10/2017,0,5.589728121956189
05/10/2017,0,4.149383290892556
06/10/2017,0,0.14213926664420537
07/10/2017,0,11.052112948326837
08/10/2017,0,3.285724504
09/10/2017,0,14.074051930790855
10/10/2017,0,21.88230254536583
11/10/2017,0,14.200067860739571
12/10/2017,0,6.093174128305344
13/10/2017,0,1.9850684333415258
14/10/2017,0,0.036461405
15/10/2017,0,0
16/10/2017,0,0
17/10/2017,0,0
18/10/2017,0,0
19/10/2017,0,0
20/10/2017,0,1.352825911981719
21/10/2017,0,0.189929099
22/10/2017,0,0.9276405707711265
23/10/2017,0,0
24/10/2017,0,0
25/10/2017,0,0
26/10/2017,0,0
27/10/2017,0,0
28/10/2017,0,0
29/10/2017,0,0.22345036552065894
30/10/2017,0,0
31/10/2017,0,0
01/11/2017,0,0
02/11/2017,0,0
03/11/2017,0,0
04/11/2017,0,0
05/11/2017,0,0
06/11/2017,0,0
07/11/2017,0,0
08/11/2017,0,0
09/11/2017,0,0
10/11/2017,0,0
11/11/2017,0,0
12/11/2017,0,0
13/11/2017,0,0
14/11/2017,0,0
15/11/2017,0,0
16/11/2017,0,0
17/11/2017,0,0
18/11/2017,0,0
19/11/2017,0,0
20/11/2017,0,0
21/11/2017,0,0
22/11/2017,0,0
23/11/2017,0,0
24/11/2017,0,0
25/11/2017,0,0
26/11/2017,0,0
27/11/2017,0,0
28/11/2017,0,0
29/11/2017,0,0
30/11/2017,0,0
01/12/2017,0,0
02/12/2017,0,0
03/12/2017,0,0
04/12/2017,0,0
05/12/2017,0,0
06/12/2017,0,0
07/12/2017,0,0
08/12/2017,0,0
09/12/2017,0,0
10/12/2017,0,0
11/12/2017,0,0
12/12/2017,0,0
13/12/2017,0,0
14/12/2017,0,0
15/12/2017,0,0
16/12/2017,0,0
17/12/2017,0,0
18/12/2017,0,0
19/12/2017,0,0
20/12/2017,0,0
21/12/2017,0,0
22/12/2017,0,0
23/12/2017,0,0
24/12/2017,0,0
25/12/2017,0,0
26/12/2017,0,0
27/12/2017,0,0
28/12/2017,0,0
29/12/2017,0,0
30/12/2017,0,0
31/12/2017,0,0
01/01/2018,0,0
02/01/2018,0,0
03/01/2018,0,0
04/01/2018,0,0
05/01/2018,0,0
06/01/2018,0,0
07/01/2018,0,0
08/01/2018,0,0
09/01/2018,0,0
10/01/2018,0,0
11/01/2018,0,0
12/01/2018,0,0
13/01/2018,0,0
14/01/2018,0,0
15/01/2018,0,0
16/01/2018,0,0
17/01/2018,0,0
18/01/2018,0,0
19/01/2018,0,0
20/01/2018,0,0
21/01/2018,0,0
22/01/2018,0,0
23/01/2018,0,0
24/01/2018,0,0
25/01/2018,0,0
26/01/2018,0,0
27/01/2018,0,0
28/01/2018,0,0
29/01/2018,0,0
30/01/2018,0,0
31/01/2018,0,0
01/02/2018,0,0
02/02/2018,0,0
03/02/2018,0,0
04/02/2018,0,0
05/02/2018,0,0
06/02/2018,0,0
07/02/2018,0,0
08/02/2018,0,0
09/02/2018,0,0
10/02/2018,0,0
11/02/2018,0,0
12/02/2018,0,10.401642306929542
13/02/2018,0,1.5884220316296531
14/02/2018,0,0.8509138999950319
15/02/2018,0,0
16/02/2018,0,0
17/02/2018,0,0
18/02/2018,0,0
19/02/2018,0,0
20/02/2018,0,0
21/02/2018,0,0
22/02/2018,0,0
23/02/2018,0,0
24/02/2018,0,0
25/02/2018,0,0
26/02/2018,0,0
27/02/2018,0,0
28/02/2018,0,0
01/03/2018,0,0
02/03/2018,0,0
03/03/2018,0,0
04/03/2018,0,0
05/03/2018,0,0
06/03/2018,0,0
07/03/2018,0,0
08/03/2018,0,0
09/03/2018,0,0
10/03/2018,0,0
11/03/2018,0,0
12/03/2018,0,0
13/03/2018,0,0
14/03/2018,0,0
15/03/2018,0,0
16/03/2018,0,0
17/03/2018,0,0.5375900325321016
18/03/2018,0,0
19/03/2018,0,0
20/03/2018,0,0
21/03/2018,0,0
22/03/2018,0,0
23/03/2018,0,0
24/03/2018,0,0
25/03/2018,0,0
26/03/2018,0,0
27/03/2018,0,0
28/03/2018,0,0
29/03/2018,0,0
30/03/2018,0,0
31/03/2018,0,0
01/04/2018,0,0.7864719764107749
02/04/2018,0,0.7712048515677452
03/04/2018,0,1.1111896701511883
04/04/2018,0,0
05/04/2018,0,0
06/04/2018,0,0.04809382
07/04/2018,0,1.6878075926076799
08/04/2018,0,0.007179318
09/04/2018,0,0
10/04/2018,0,0
11/04/2018,0,0.631328651
12/04/2018,0,0
13/04/2018,0,1.4192160091229848
14/04/2018,0,3.0558417780058726
15/04/2018,0,6.757714082797368
16/04/2018,0,0.9300605569566999
17/04/2018,0,0
18/04/2018,0,0.2214528066771371
19/04/2018,0,0
20/04/2018,0,0.8359365548406329
21/04/2018,0,0
22/04/2018,0,0
23/04/2018,0,0
24/04/2018,0,0.1733265845548539
25/04/2018,0,0.3951983558280127
26/04/2018,0,0
27/04/2018,0,0.8881825258334478
28/04/2018,0,0.04809382
29/04/2018,0,0
30/04/2018,0,0
01/05/2018,0,1.184243429274786
02/05/2018,0,15.121633671578907
03/05/2018,0,1.3416909334205447
04/05/2018,0,0.5163771864913759
05/05/2018,0,0
06/05/2018,0,0
07/05/2018,0,0
08/05/2018,0,0
09/05/2018,0,0
10/05/2018,0,0
11/05/2018,0,0.14604724801722027
12/05/2018,0,2.5994092524051666
13/05/2018,0,0.9130368921018782
14/05/2018,0,0.077015235
15/05/2018,0,0.7315625271626881
16/05/2018,0,0
17/05/2018,0,0.13842402150233588
18/05/2018,0,0.6102350382577806
19/05/2018,0,0.13287168670268285
20/05/2018,0,0
21/05/2018,0,0
22/05/2018,0,0
23/05/2018,0,1.585292100906372
24/05/2018,0,0
25/05/2018,0,0
26/05/2018,0,2.530082154132071
27/05/2018,0,0.1119180406842913
28/05/2018,0,0
29/05/2018,0,0
30/05/2018,0,0
31/05/2018,0,11.366207145509266
01/06/2018,0,0.9103034876641773
02/06/2018,0,14.19786373561337
03/06/2018,0,0.020855366
04/06/2018,0,0.7547924405052548
05/06/2018,0,0.8867745881988889
06/06/2018,0,0.10768058470317296
07/06/2018,0,8.590331921
08/06/2018,0,1.899275541305542
09/06/2018,0,20.228249683266593
10/06/2018,0,2.6933791786432266
11/06/2018,0,0.8062818234875089
12/06/2018,0,8.674726985749745
13/06/2018,0,1.7480037411053975
14/06/2018,0,0
15/06/2018,0,0
16/06/2018,0,0
17/06/2018,0,0
18/06/2018,0,0
19/06/2018,0,0.6459859297389076
20/06/2018,0,0.92726393
21/06/2018,0,16.32154056571779
22/06/2018,0,47.28045347758702
23/06/2018,0,0.2090542855716887
24/06/2018,0,1.332969378502596
25/06/2018,0,0
26/06/2018,0,0.13464391231536865
27/06/2018,0,4.967001826990218
28/06/2018,0,29.408758935474214
29/06/2018,0,18.867427701041812
30/06/2018,0,5.745554182501066
01/07/2018,0,3.755165907598677
02/07/2018,0,13.722548714705876
03/07/2018,0,1.4534946754574776
04/07/2018,0,0.8897298478654453
05/07/2018,0,3.467077462446122
06/07/2018,0,3.0439164631423496
07/07/2018,0,2.7907240305628096
08/07/2018,0,20.639275028592063
09/07/2018,0,20.093225819723948
10/07/2018,0,5.167137563228607
11/07/2018,0,21.688464029204276
12/07/2018,0,10.816087327897549
13/07/2018,0,13.919266301961173
14/07/2018,0,29.96647330692836
15/07/2018,0,3.308320749373663
16/07/2018,0,39.82302901858375
17/07/2018,0,34.213384446643644
18/07/2018,0,4.065191964308421
19/07/2018,0,4.6882983431929635
20/07/2018,0,0.7157358356884548
21/07/2018,0,13.380436451662154
22/07/2018,0,34.627444040207635
23/07/2018,0,24.029831568400066
24/07/2018,0,1.1849815675190516
25/07/2018,0,5.527138494309925
26/07/2018,0,8.809371641704015
27/07/2018,0,3.3307682758285884
28/07/2018,0,1.9880949265900112
29/07/2018,0,0.857705744
30/07/2018,0,0.16310447064184008
31/07/2018,0,0.051194038
01/08/2018,0,1.759414023586682
02/08/2018,0,4.325468374
03/08/2018,0,0.7955513766833714
04/08/2018,0,0.023630190463293167
05/08/2018,0,0
06/08/2018,0,1.0296090294917424
07/08/2018,0,45.15595545087542
08/08/2018,0,36.06539694
09/08/2018,0,17.73769453593663
10/08/2018,0,3.4946331594671523
11/08/2018,0,4.279250428790138
12/08/2018,0,57.07271737144107
13/08/2018,0,58.342153208596365
14/08/2018,0,13.532430228732881
15/08/2018,0,23.46089147386097
16/08/2018,0,71.47383935110909
17/08/2018,0,4.213688243003118
18/08/2018,0,4.285611745857057
19/08/2018,0,2.102860470612844
20/08/2018,0,55.87802823384603
21/08/2018,0,44.85033691497076
22/08/2018,0,2.0440260576350346
23/08/2018,0,4.973738806588309
24/08/2018,0,5.204313627311161
25/08/2018,0,2.5873146199044728
26/08/2018,0,17.639456794375466
27/08/2018,0,87.29069973173596
28/08/2018,0,47.32881689071655
29/08/2018,0,4.982880579573767
30/08/2018,0,2.128590825058165
31/08/2018,0,0.398914482
01/09/2018,0,6.228164694138935
02/09/2018,0,1.4495833998634702
03/09/2018,0,1.7510309716065724
04/09/2018,0,1.4314370893296742
05/09/2018,0,0.081908663
06/09/2018,0,16.331870669410343
07/09/2018,0,15.776931830814906
08/09/2018,0,7.429617438997541
09/09/2018,0,0
10/09/2018,0,0
11/09/2018,0,0
12/09/2018,0,0
13/09/2018,0,0
14/09/2018,0,1.0306970675786336
15/09/2018,0,0
16/09/2018,0,0
17/09/2018,0,0.091010853
18/09/2018,0,0.49184768682434443
19/09/2018,0,12.491317067827497
20/09/2018,0,0.6009306524481092
21/09/2018,0,19.59395149775914
22/09/2018,0,13.597179367428733
23/09/2018,0,0
24/09/2018,0,0.096828495
25/09/2018,0,2.552697617
26/09/2018,0,4.6701442911511375
27/09/2018,0,0.007179318
28/09/2018,0,0.538041744
29/09/2018,0,0
30/09/2018,0,0
01/10/2018,0,0
02/10/2018,0,0
03/10/2018,0,0
04/10/2018,0,0
05/10/2018,0,0
06/10/2018,0,0
07/10/2018,0,0
08/10/2018,0,0
09/10/2018,0,0
10/10/2018,0,0
11/10/2018,0,0
12/10/2018,0,0.3491029171716599
13/10/2018,0,0
14/10/2018,0,0
15/10/2018,0,0
16/10/2018,0,0
17/10/2018,0,0
18/10/2018,0,0
19/10/2018,0,0
20/10/2018,0,0
21/10/2018,0,0
22/10/2018,0,0
23/10/2018,0,0
24/10/2018,0,0
25/10/2018,0,0
26/10/2018,0,0
27/10/2018,0,0
28/10/2018,0,0
29/10/2018,0,0
30/10/2018,0,0
31/10/2018,0,0
01/11/2018,0,0
02/11/2018,0,0
03/11/2018,0,0
04/11/2018,0,0
05/11/2018,0,0
06/11/2018,0,0
07/11/2018,0,0
08/11/2018,0,0
09/11/2018,0,0
10/11/2018,0,0
11/11/2018,0,0
12/11/2018,0,0
13/11/2018,0,0
14/11/2018,0,0
15/11/2018,0,0
16/11/2018,0,0
17/11/2018,0,0
18/11/2018,0,0
19/11/2018,0,0
20/11/2018,0,0
21/11/2018,0,0
22/11/2018,0,0
23/11/2018,0,0
24/11/2018,0,0
25/11/2018,0,0
26/11/2018,0,0
27/11/2018,0,0
28/11/2018,0,0
29/11/2018,0,0
30/11/2018,0,0
01/12/2018,0,0
02/12/2018,0,0
03/12/2018,0,0
04/12/2018,0,0
05/12/2018,0,0
06/12/2018,0,0
07/12/2018,0,0
08/12/2018,0,0
09/12/2018,0,0
10/12/2018,0,0
11/12/2018,0,0.23314072546504794
12/12/2018,0,0
13/12/2018,0,1.1847840994596481
14/12/2018,0,0.7220798652796518
15/12/2018,0,0
16/12/2018,0,0
17/12/2018,0,7.351695920739855
18/12/2018,0,29.659862836201984
19/12/2018,0,0.067078668
20/12/2018,0,0
21/12/2018,0,0
22/12/2018,0,0
23/12/2018,0,0
24/12/2018,0,0
25/12/2018,0,0
26/12/2018,0,0
27/12/2018,0,0
28/12/2018,0,0
29/12/2018,0,0
30/12/2018,0,0
31/12/2018,0,0
01/01/2019,0,0
02/01/2019,0,0
03/01/2019,0,0
04/01/2019,0,0
05/01/2019,0,0
06/01/2019,0,0
07/01/2019,0,0
08/01/2019,0,0
09/01/2019,0,0
10/01/2019,0,0
11/01/2019,0,0
12/01/2019,0,0
13/01/2019,0,0
14/01/2019,0,0
15/01/2019,0,0
16/01/2019,0,0
17/01/2019,0,0
18/01/2019,0,0
19/01/2019,0,0
20/01/2019,0,0
21/01/2019,0,0
22/01/2019,0,0
23/01/2019,0,0
24/01/2019,0,0
25/01/2019,0,0
26/01/2019,0,5.297149260838826
27/01/2019,0,2.6580935347647894
28/01/2019,0,0.9726521
29/01/2019,0,0
30/01/2019,0,0
31/01/2019,0,0
01/02/2019,0,0
02/02/2019,0,0
03/02/2019,0,0
04/02/2019,0,0
05/02/2019,0,0
06/02/2019,0,0
07/02/2019,0,0
08/02/2019,0,0
09/02/2019,0,0.093850803
10/02/2019,0,0
11/02/2019,0,0
12/02/2019,0,0
13/02/2019,0,0
14/02/2019,0,0
15/02/2019,0,0
16/02/2019,0,5.335600831678936
17/02/2019,0,0
18/02/2019,0,0
19/02/2019,0,0
20/02/2019,0,0
21/02/2019,0,0
22/02/2019,0,0
23/02/2019,0,0
24/02/2019,0,0
25/02/2019,0,0
26/02/2019,0,0
27/02/2019,0,0
28/02/2019,0,2.144813502118701
01/03/2019,0,0
02/03/2019,0,0
03/03/2019,0,0.17737266492275966
04/03/2019,0,0.9368659733306794
05/03/2019,0,0
06/03/2019,0,0
07/03/2019,0,0
08/03/2019,0,0
09/03/2019,0,0
10/03/2019,0,0
11/03/2019,0,0
12/03/2019,0,0
13/03/2019,0,1.2230601424262637
14/03/2019,0,0
15/03/2019,0,0
16/03/2019,0,0
17/03/2019,0,0
18/03/2019,0,0.12389044534592401
19/03/2019,0,0
20/03/2019,0,0
21/03/2019,0,2.6798291405042014
22/03/2019,0,0
23/03/2019,0,0
24/03/2019,0,0
25/03/2019,0,0
26/03/2019,0,0
27/03/2019,0,0
28/03/2019,0,0
29/03/2019,0,0
30/03/2019,0,0
31/03/2019,0,0
01/04/2019,0,0
02/04/2019,0,0.023630190463293167
03/04/2019,0,0
04/04/2019,0,0
05/04/2019,0,0
06/04/2019,0,0
07/04/2019,0,0
08/04/2019,0,0
09/04/2019,0,0
10/04/2019,0,0.023630190463293167
11/04/2019,0,0.007179318
12/04/2019,0,2.553294914818945
13/04/2019,0,0
14/04/2019,0,0.24200779128642308
15/04/2019,0,0.7919915332680657
16/04/2019,0,1.5085192081474124
17/04/2019,0,0
18/04/2019,0,0
19/04/2019,0,0.7748335081906546
20/04/2019,0,1.0956580638885498
21/04/2019,0,1.1061893701553345
22/04/2019,0,0
23/04/2019,0,0
24/04/2019,0,0
25/04/2019,0,0
26/04/2019,0,0
27/04/2019,0,0
28/04/2019,0,0
29/04/2019,0,0
30/04/2019,0,0
01/05/2019,0,0
02/05/2019,0,0
03/05/2019,0,0
04/05/2019,0,0
05/05/2019,0,0
06/05/2019,0,0
07/05/2019,0,0
08/05/2019,0,0
09/05/2019,0,0
10/05/2019,0,0
11/05/2019,0,0
12/05/2019,0,0
13/05/2019,0,0.5531606816110157
14/05/2019,0,4.857928592534292
15/05/2019,0,0.10259090009189788
16/05/2019,0,0
17/05/2019,0,0
18/05/2019,0,0
19/05/2019,0,0
20/05/2019,0,0
21/05/2019,0,0
22/05/2019,0,3.9498669178712937
23/05/2019,0,0
24/05/2019,0,0
25/05/2019,0,0
26/05/2019,0,0
27/05/2019,0,0
28/05/2019,0,0.5571398656992685
29/05/2019,0,0.7957397529057094
30/05/2019,0,8.470795211337862
31/05/2019,0,0
01/06/2019,0,1.3099172583648138
02/06/2019,0,0
03/06/2019,0,1.9810596768345152
04/06/2019,0,0.3011948530163084
05/06/2019,0,0
06/06/2019,0,1.6767903906958443
07/06/2019,0,5.438122874214535
08/06/2019,0,0.41487053888184683
09/06/2019,0,0.04809382
10/06/2019,0,0.20384335588841213
11/06/2019,0,0
12/06/2019,0,0
13/06/2019,0,0
14/06/2019,0,0
15/06/2019,0,0
16/06/2019,0,0.8110541346527281
17/06/2019,0,22.50581934338524
18/06/2019,0,7.740807099001748
19/06/2019,0,1.8546746071605456
20/06/2019,0,0.33539333797636484
21/06/2019,0,38.75783520653134
22/06/2019,0,35.53472909473238
23/06/2019,0,15.301555122647967
24/06/2019,0,3.9562855508355868
25/06/2019,0,0.019088569141569593
26/06/2019,0,0
27/06/2019,0,0.021332932
28/06/2019,0,1.990303139601435
29/06/2019,0,11.733977630024864
30/06/2019,0,13.744912056695847
01/07/2019,0,12.053249835968018
02/07/2019,0,7.7132935637519475
03/07/2019,0,30.216233934674943
04/07/2019,0,17.342109748295375
05/07/2019,0,44.543478284563335
06/07/2019,0,23.541171437218075
07/07/2019,0,12.146562212989444
08/07/2019,0,9.174834943953014
09/07/2019,0,5.888353694052923
10/07/2019,0,8.038642906007313
11/07/2019,0,0.9760378698507944
12/07/2019,0,0.6044969619030044
13/07/2019,0,1.8456245958805084
14/07/2019,0,3.1673556779112135
15/07/2019,0,8.957511266072592
16/07/2019,0,0.9383284321853093
17/07/2019,0,0
18/07/2019,0,1.432223504852681
19/07/2019,0,15.590909503755116
20/07/2019,0,9.681787763323102
21/07/2019,0,1.489241192028636
22/07/2019,0,0
23/07/2019,0,1.8830845348891758
24/07/2019,0,14.648849419185094
25/07/2019,0,0
26/07/2019,0,24.04675551823207
27/07/2019,0,17.973734339078266
28/07/2019,0,9.424573183059692
29/07/2019,0,32.22564279465448
30/07/2019,0,63.65314892360142
31/07/2019,0,11.599895057224092
01/08/2019,0,7.8980882451647805
02/08/2019,0,6.359595911843436
03/08/2019,0,28.45274895713443
04/08/2019,0,14.869101754256658
05/08/2019,0,3.490491515114194
06/08/2019,0,2.934800100468454
07/08/2019,0,13.947378697849455
08/08/2019,0,57.15686207725888
09/08/2019,0,10.783680752629326
10/08/2019,0,6.764695781
11/08/2019,0,0.21965728132497697
12/08/2019,0,1.4213850008589881
13/08/2019,0,26.919819899967738
14/08/2019,0,38.268102146330335
15/08/2019,0,5.513453727676755
16/08/2019,0,0.33108335201229366
17/08/2019,0,0.7490848480235963
18/08/2019,0,8.452005390610013
19/08/2019,0,4.568727850204422
20/08/2019,0,5.279282318694251
21/08/2019,0,7.525138588178725
22/08/2019,0,10.96202032622837
23/08/2019,0,5.3572028662477225
24/08/2019,0,10.96868649976594
25/08/2019,0,12.926371528988792
26/08/2019,0,23.362779481070383
27/08/2019,0,4.921562194824219
28/08/2019,0,0.9014192393847874
29/08/2019,0,0.7514864915893191
30/08/2019,0,1.4556214681693487
31/08/2019,0,17.29922829639344
01/09/2019,0,17.202070236206055
02/09/2019,0,21.074693518025533
03/09/2019,0,22.32209909529913
04/09/2019,0,19.16081107514245
05/09/2019,0,16.71889711561657
06/09/2019,0,14.330987044743129
07/09/2019,0,45.75092356545584
08/09/2019,0,59.667916797456286
09/09/2019,0,21.115389551435197
10/09/2019,0,3.676226312205905
11/09/2019,0,3.767433145926112
12/09/2019,0,10.086287501312437
13/09/2019,0,13.740051712308611
14/09/2019,0,2.865768654005868
15/09/2019,0,0.646979734
16/09/2019,0,2.5059794329461598
17/09/2019,0,5.760769002494358
18/09/2019,0,7.145580655052548
19/09/2019,0,22.815430573054723
20/09/2019,0,4.199763860021319
21/09/2019,0,7.840198716592221
22/09/2019,0,2.148992049906935
23/09/2019,0,4.207843400892758
24/09/2019,0,6.234367125091099
25/09/2019,0,26.905184473310197
26/09/2019,0,12.045999197732835
27/09/2019,0,2.227104045805477
28/09/2019,0,0
29/09/2019,0,1.3236906088533855
30/09/2019,0,14.886034778186254
01/10/2019,0,0.27658034080550786
02/10/2019,0,4.855978136970883
03/10/2019,0,3.184704324
04/10/2019,0,0
05/10/2019,0,0.11940552790959676
06/10/2019,0,0
07/10/2019,0,21.810141563415527
08/10/2019,0,0.35618501617794945
09/10/2019,0,0.2566680730808349
10/10/2019,0,0.007179318
11/10/2019,0,9.151858176503863
12/10/2019,0,20.367801825205486
13/10/2019,0,7.439131157029243
14/10/2019,0,0
15/10/2019,0,0
16/10/2019,0,0
17/10/2019,0,0
18/10/2019,0,12.131016035874685
19/10/2019,0,11.585183915637788
20/10/2019,0,10.741717769986106
21/10/2019,0,39.757631142934166
22/10/2019,0,3.235689185914539
23/10/2019,0,3.164782499273618
24/10/2019,0,8.144854105654217
25/10/2019,0,5.839833521
26/10/2019,0,3.9444165364617394
27/10/2019,0,10.93318228
28/10/2019,0,0.067321956
29/10/2019,0,0.04737471
30/10/2019,0,0.12965709538686843
31/10/2019,0,2.7278205986533846
01/11/2019,0,0.8810925724960509
02/11/2019,0,0.006342223
03/11/2019,0,0
04/11/2019,0,0
05/11/2019,0,0
06/11/2019,0,0
07/11/2019,0,0
08/11/2019,0,0
09/11/2019,0,0
10/11/2019,0,0
11/11/2019,0,0
12/11/2019,0,0
13/11/2019,0,0
14/11/2019,0,0
15/11/2019,0,0
16/11/2019,0,0
17/11/2019,0,0
18/11/2019,0,0
19/11/2019,0,0
20/11/2019,0,0
21/11/2019,0,0
22/11/2019,0,0
23/11/2019,0,0
24/11/2019,0,0
25/11/2019,0,0
26/11/2019,0,0
27/11/2019,0,0
28/11/2019,0,0
29/11/2019,0,0
30/11/2019,0,0
01/12/2019,0,0
02/12/2019,0,0
03/12/2019,0,0
04/12/2019,0,0
05/12/2019,0,0
06/12/2019,0,0
07/12/2019,0,0
08/12/2019,0,0
09/12/2019,0,0
10/12/2019,0,0
11/12/2019,0,0
12/12/2019,0,0
13/12/2019,0,0
14/12/2019,0,0
15/12/2019,0,0
16/12/2019,0,0
17/12/2019,0,0
18/12/2019,0,0
19/12/2019,0,0
20/12/2019,0,0
21/12/2019,0,0
22/12/2019,0,0
23/12/2019,0,0
24/12/2019,0,0
25/12/2019,0,0
26/12/2019,0,0.005455654
27/12/2019,0,0.0702651
28/12/2019,0,0
29/12/2019,0,0
30/12/2019,0,0
31/12/2019,0,0
01/01/2020,0,0
02/01/2020,0,0
03/01/2020,0,10.394760607253938
04/01/2020,0,6.955728185318765
05/01/2020,0,0
06/01/2020,0,0
07/01/2020,0,0
08/01/2020,0,0
09/01/2020,0,0.929750288
10/01/2020,0,0.7872968032246545
11/01/2020,0,0
12/01/2020,0,0
13/01/2020,0,0
14/01/2020,0,0
15/01/2020,0,0
16/01/2020,0,0
17/01/2020,0,0
18/01/2020,0,0
19/01/2020,0,0
20/01/2020,0,0
21/01/2020,0,0
22/01/2020,0,0
23/01/2020,0,0
24/01/2020,0,0
25/01/2020,0,0
26/01/2020,0,0
27/01/2020,0,0
28/01/2020,0,0
29/01/2020,0,0
30/01/2020,0,0
31/01/2020,0,0
01/02/2020,0,0
02/02/2020,0,0
03/02/2020,0,0
04/02/2020,0,0
05/02/2020,0,0.7147751337005979
06/02/2020,0,0.8988371796551204
07/02/2020,0,0.7934513013987314
08/02/2020,0,15.239274521668753
09/02/2020,0,11.796777957961673
10/02/2020,0,0
11/02/2020,0,0
12/02/2020,0,0
13/02/2020,0,0
14/02/2020,0,0
15/02/2020,0,0
16/02/2020,0,0
17/02/2020,0,0
18/02/2020,0,0
19/02/2020,0,0
20/02/2020,0,0
21/02/2020,0,0
22/02/2020,0,0
23/02/2020,0,0
24/02/2020,0,0
25/02/2020,0,1.7165261819249107
26/02/2020,0,0
27/02/2020,0,0
28/02/2020,0,0
29/02/2020,0,0
01/03/2020,0,0
02/03/2020,0,0
03/03/2020,0,0
04/03/2020,0,1.2550382230963026
05/03/2020,0,0.13819751569202968
06/03/2020,0,0.5469727757431212
07/03/2020,0,6.679565395627703
08/03/2020,0,0.6463372608025869
09/03/2020,0,3.764725781622387
10/03/2020,0,0.050871843383425756
11/03/2020,0,0.8069876858166286
12/03/2020,0,0
13/03/2020,0,1.0155547431537084
14/03/2020,0,0.04154534
15/03/2020,0,0.088581122
16/03/2020,0,1.0936188045002164
17/03/2020,0,0.19576679312047504
18/03/2020,0,4.194306095441182
19/03/2020,0,0
20/03/2020,0,0.9262186629431588
21/03/2020,0,1.6747486548764365
22/03/2020,0,0.5934934899920509
23/03/2020,0,0
24/03/2020,0,0
25/03/2020,0,0
26/03/2020,0,0
27/03/2020,0,0
28/03/2020,0,0
29/03/2020,0,0.048761261360985894
30/03/2020,0,8.494955744062151
31/03/2020,0,0
01/04/2020,0,0
02/04/2020,0,0
03/04/2020,0,0
04/04/2020,0,0.005455654
05/04/2020,0,0
06/04/2020,0,0
07/04/2020,0,0
08/04/2020,0,0
09/04/2020,0,0.1025909043493725
10/04/2020,0,2.013395212945484
11/04/2020,0,0.10319550335407257
12/04/2020,0,0
13/04/2020,0,0
14/04/2020,0,0
15/04/2020,0,0
16/04/2020,0,0
17/04/2020,0,0
18/04/2020,0,0
19/04/2020,0,3.8640489393756505
20/04/2020,0,0
21/04/2020,0,0.32662038576035274
22/04/2020,0,0
23/04/2020,0,0.043403849
24/04/2020,0,0
25/04/2020,0,0
26/04/2020,0,0
27/04/2020,0,0.3051191174558231
28/04/2020,0,2.3166532402946833
29/04/2020,0,0.097283683
30/04/2020,0,0.19861037106741042
01/05/2020,0,0
02/05/2020,0,0
03/05/2020,0,0.016026398
04/05/2020,0,0
05/05/2020,0,0.11730132429372697
06/05/2020,0,5.919598206877708
07/05/2020,0,3.951619585355123
08/05/2020,0,0.039458042
09/05/2020,0,5.066325984
10/05/2020,0,4.8059214154879255
11/05/2020,0,0
12/05/2020,0,0
13/05/2020,0,0
14/05/2020,0,0
15/05/2020,0,0
16/05/2020,0,2.954892572902498
17/05/2020,0,0.8680769488925025
18/05/2020,0,0
19/05/2020,0,3.2406653740576337
20/05/2020,0,0.1025909043493725
21/05/2020,0,0
22/05/2020,0,0
23/05/2020,0,0
24/05/2020,0,0
25/05/2020,0,0
26/05/2020,0,0.14599475690296718
27/05/2020,0,0.24778089353016444
28/05/2020,0,0
29/05/2020,0,0
30/05/2020,0,11.44391382592065
31/05/2020,0,0.13810315018608457
01/06/2020,0,4.606758629991894
02/06/2020,0,0
03/06/2020,0,0.9165379504362742
04/06/2020,0,3.8025583766755604
05/06/2020,0,0
06/06/2020,0,0.425034521
07/06/2020,0,0.12450421991802398
08/06/2020,0,0.10127492958591097
09/06/2020,0,0.12462470928827922
10/06/2020,0,1.4975612944080716
11/06/2020,0,4.967320958773295
12/06/2020,0,24.45239457629976
13/06/2020,0,17.333399148214433
14/06/2020,0,0.11137100202696663
15/06/2020,0,0.4607405201310203
16/06/2020,0,10.917283296585083
17/06/2020,0,12.23461219242641
18/06/2020,0,0.38414240167254493
19/06/2020,0,0
20/06/2020,0,4.5343562705176215
21/06/2020,0,29.656227248055593
22/06/2020,0,90.43759373256138
23/06/2020,0,45.34681061335972
24/06/2020,0,2.7759164522091546
25/06/2020,0,0.1657237694376991
26/06/2020,0,0.9069579130127317
27/06/2020,0,0
28/06/2020,0,3.7746399442354837
29/06/2020,0,0.8474577040899367
30/06/2020,0,1.3079056800121354
01/07/2020,0,12.662877837816874
02/07/2020,0,20.581050367582414
03/07/2020,0,4.650284892036801
04/07/2020,0,6.752609479995001
05/07/2020,0,15.586173398154122
06/07/2020,0,20.186496325901576
07/07/2020,0,7.261093332653954
08/07/2020,0,0.074822063
09/07/2020,0,3.2712282027517046
10/07/2020,0,4.267329951836949
11/07/2020,0,4.358860444
12/07/2020,0,1.1317053380466642
13/07/2020,0,8.471369306246439
14/07/2020,0,9.867765778586978
15/07/2020,0,11.127257193837847
16/07/2020,0,4.890088677406311
17/07/2020,0,13.268447013128371
18/07/2020,0,0
19/07/2020,0,4.633939596159117
20/07/2020,0,3.662230949316706
21/07/2020,0,1.4907102
22/07/2020,0,2.052675181911105
23/07/2020,0,11.608207742373148
24/07/2020,0,13.48173525219872
25/07/2020,0,5.447536210219066
26/07/2020,0,5.7243563660553525
27/07/2020,0,0.22472151581730163
28/07/2020,0,1.6036895258086068
29/07/2020,0,31.176868166242325
30/07/2020,0,1.5954922962756384
31/07/2020,0,0.4289587338765462
01/08/2020,0,1.8338600205523627
02/08/2020,0,5.619455644062588
03/08/2020,0,9.052286091
04/08/2020,0,8.924334512580009
05/08/2020,0,11.686745791208176
06/08/2020,0,9.294113715489706
07/08/2020,0,7.051875319
08/08/2020,0,1.7826392267431532
09/08/2020,0,26.199042229425338
10/08/2020,0,38.467525890895296
11/08/2020,0,17.987460011527652
12/08/2020,0,13.559690395991007
13/08/2020,0,16.34266960053217
14/08/2020,0,10.091186716443016
15/08/2020,0,5.5129370632625765
16/08/2020,0,24.49582317897252
17/08/2020,0,14.693767434074765
18/08/2020,0,3.111694563002813
19/08/2020,0,11.910806786446344
20/08/2020,0,22.759417125156947
21/08/2020,0,93.71169226510185
22/08/2020,0,15.328956024987358
23/08/2020,0,0.6152462129081998
24/08/2020,0,0
25/08/2020,0,0.012587060530980429
26/08/2020,0,2.8847727931681133
27/08/2020,0,25.882506870088122
28/08/2020,0,54.775314421880815
29/08/2020,0,5.400887131690979
30/08/2020,0,1.5348482586088634
31/08/2020,0,0
01/09/2020,0,0.5700980623563131
02/09/2020,0,8.509346966232572
03/09/2020,0,3.227525165
04/09/2020,0,4.069289470002765
05/09/2020,0,8.555795736
06/09/2020,0,1.2737472490185784
07/09/2020,0,1.3694164284637995
08/09/2020,0,5.047039446376619
09/09/2020,0,1.6350367551758176
10/09/2020,0,8.12502721
11/09/2020,0,21.302422637031192
12/09/2020,0,14.492556909720102
13/09/2020,0,0.6349417496295202
14/09/2020,0,1.808706399940309
15/09/2020,0,0.34539966710976194
16/09/2020,0,1.9603985569306783
17/09/2020,0,3.2331689468451907
18/09/2020,0,3.341543870312827
19/09/2020,0,12.517060802096413
20/09/2020,0,9.822952892099108
21/09/2020,0,5.755974351650193
22/09/2020,0,22.95678147815523
23/09/2020,0,1.9929828175476618
24/09/2020,0,0.37488093972206116
25/09/2020,0,0.6967452611951601
26/09/2020,0,0.780032231
27/09/2020,0,0
28/09/2020,0,0.018450096959159487
29/09/2020,0,0
30/09/2020,0,3.5693312890472866
01/10/2020,0,0.059187063
02/10/2020,0,0.087140482
03/10/2020,0,0.11189412503015428
04/10/2020,0,1.4969276360103063
05/10/2020,0,3.607717251848607
06/10/2020,0,10.174111252739316
07/10/2020,0,5.955307841300964
08/10/2020,0,11.83037178856986
09/10/2020,0,3.1619573572561857
10/10/2020,0,1.6995251263890947
11/10/2020,0,3.460183864548093
12/10/2020,0,0.21877462310450418
13/10/2020,0,0.087551863
14/10/2020,0,0.19621018213885172
15/10/2020,0,13.640051528811455
16/10/2020,0,1.4921731054782867
17/10/2020,0,9.545117369719915
18/10/2020,0,0.6490609106563386
19/10/2020,0,0.47307458236103966
20/10/2020,0,0
21/10/2020,0,0
22/10/2020,0,0
23/10/2020,0,0
24/10/2020,0,0
25/10/2020,0,0
26/10/2020,0,0
27/10/2020,0,0
28/10/2020,0,0
29/10/2020,0,0
30/10/2020,0,0
31/10/2020,0,0
01/11/2020,0,0
02/11/2020,0,0
03/11/2020,0,0
04/11/2020,0,0
05/11/2020,0,0
06/11/2020,0,0
07/11/2020,0,0
08/11/2020,0,0
09/11/2020,0,0
10/11/2020,0,0
11/11/2020,0,0
12/11/2020,0,0
13/11/2020,0,0
14/11/2020,0,0
15/11/2020,0,0
16/11/2020,0,0
17/11/2020,0,0
18/11/2020,0,0
19/11/2020,0,0
20/11/2020,0,0
21/11/2020,0,0.32782184793835595
22/11/2020,0,0
23/11/2020,0,0
24/11/2020,0,0
25/11/2020,0,0
26/11/2020,0,0
27/11/2020,0,0.032590858
28/11/2020,0,0
29/11/2020,0,0
30/11/2020,0,0
01/12/2020,0,0
02/12/2020,0,0
03/12/2020,0,0
04/12/2020,0,0
05/12/2020,0,0
06/12/2020,0,0
07/12/2020,0,0
08/12/2020,0,0
09/12/2020,0,0
10/12/2020,0,0
11/12/2020,0,0
12/12/2020,0,0
13/12/2020,0,0
14/12/2020,0,0
15/12/2020,0,0
16/12/2020,0,0
17/12/2020,0,0
18/12/2020,0,0
19/12/2020,0,0
20/12/2020,0,0
21/12/2020,0,0
22/12/2020,0,0
23/12/2020,0,0
24/12/2020,0,0
25/12/2020,0,0
26/12/2020,0,0
27/12/2020,0,0
28/12/2020,0,0
29/12/2020,0,0
30/12/2020,0,0
31/12/2020,0,0
01/01/2021,0,0
02/01/2021,0,0
03/01/2021,0,0
04/01/2021,0,0
05/01/2021,0,0
06/01/2021,0,0
07/01/2021,0,0
08/01/2021,0,0
09/01/2021,0,0
10/01/2021,0,0
11/01/2021,0,0
12/01/2021,0,0
13/01/2021,0,0
14/01/2021,0,0
15/01/2021,0,0
16/01/2021,0,0
17/01/2021,0,0
18/01/2021,0,0
19/01/2021,0,0
20/01/2021,0,0
21/01/2021,0,0
22/01/2021,0,0
23/01/2021,0,0
24/01/2021,0,0
25/01/2021,0,0
26/01/2021,0,0
27/01/2021,0,0
28/01/2021,0,0
29/01/2021,0,0
30/01/2021,0,0
31/01/2021,0,0
01/02/2021,0,0
02/02/2021,0,0
03/02/2021,0,0
04/02/2021,0,0
05/02/2021,0,0
06/02/2021,0,0
07/02/2021,0,0
08/02/2021,0,0
09/02/2021,0,0
10/02/2021,0,0
11/02/2021,0,0
12/02/2021,0,0
13/02/2021,0,0
14/02/2021,0,0
15/02/2021,0,0
16/02/2021,0,0
17/02/2021,0,0
18/02/2021,0,0
19/02/2021,0,13.854774055026827
20/02/2021,0,0
21/02/2021,0,0
22/02/2021,0,0
23/02/2021,0,0
24/02/2021,0,0
25/02/2021,0,0
26/02/2021,0,0
27/02/2021,0,0
28/02/2021,0,0
01/03/2021,0,0
02/03/2021,0,0
03/03/2021,0,0
04/03/2021,0,0
05/03/2021,0,0
06/03/2021,0,0
07/03/2021,0,0
08/03/2021,0,0
09/03/2021,0,0
10/03/2021,0,0
11/03/2021,0,0
12/03/2021,0,0
13/03/2021,0,0.610797267
14/03/2021,0,0
15/03/2021,0,0
16/03/2021,0,0
17/03/2021,0,0
18/03/2021,0,0
19/03/2021,0,0.7245806526570093
20/03/2021,0,0.2165835893579892
21/03/2021,0,0
22/03/2021,0,0.026921856971014114
23/03/2021,0,0
24/03/2021,0,0
25/03/2021,0,0
26/03/2021,0,0
27/03/2021,0,0
28/03/2021,0,0
29/03/2021,0,0
30/03/2021,0,0
31/03/2021,0,0
01/04/2021,0,0
02/04/2021,0,0
03/04/2021,0,0
04/04/2021,0,0
05/04/2021,0,0
06/04/2021,0,0
07/04/2021,0,0
08/04/2021,0,0.3975842275789806
09/04/2021,0,2.152829258
10/04/2021,0,1.5689240360543841
11/04/2021,0,2.415782492785227
12/04/2021,0,0
13/04/2021,0,0
14/04/2021,0,1.150511628815106
15/04/2021,0,0
16/04/2021,0,0
17/04/2021,0,0
18/04/2021,0,4.2964414812269665
19/04/2021,0,0
20/04/2021,0,0.161777967
21/04/2021,0,6.609701610746837
22/04/2021,0,3.092301973274776
23/04/2021,0,0
24/04/2021,0,0
25/04/2021,0,0
26/04/2021,0,0
27/04/2021,0,0.946428996
28/04/2021,0,0
29/04/2021,0,0
30/04/2021,0,1.330279020326478
01/05/2021,0,0
02/05/2021,0,2.773014505704244
03/05/2021,0,0.3025874282632555
04/05/2021,0,0.077295574
05/05/2021,0,0
06/05/2021,0,4.406088077596256
07/05/2021,0,1.7860365467412131
08/05/2021,0,14.536861385617938
09/05/2021,0,1.440788046944709
10/05/2021,0,37.45170593261719
11/05/2021,0,2.7240370441050756
12/05/2021,0,13.032167111124311
13/05/2021,0,0
14/05/2021,0,1.4093307781787145
15/05/2021,0,10.526908000310263
16/05/2021,0,0
17/05/2021,0,0.5797596644787562
18/05/2021,0,0
19/05/2021,0,0
20/05/2021,0,0.31344313280923025
21/05/2021,0,0.9772631873687109
22/05/2021,0,0
23/05/2021,0,0
24/05/2021,0,0
25/05/2021,0,0
26/05/2021,0,0
27/05/2021,0,0
28/05/2021,0,0
29/05/2021,0,0
30/05/2021,0,0.3314792261946769
31/05/2021,0,0.032590858
01/06/2021,0,3.365496949070976
02/06/2021,0,7.128379105102448
03/06/2021,0,8.529351113807587
04/06/2021,0,12.584778076126462
05/06/2021,0,0.01590714
06/06/2021,0,0.007745082
07/06/2021,0,0.7140290946477935
08/06/2021,0,0.502412267
09/06/2021,0,13.299382683776674
10/06/2021,0,26.45894534247262
11/06/2021,0,17.721646342958724
12/06/2021,0,12.367088317871094
13/06/2021,0,0.833794083
14/06/2021,0,21.227221261887323
15/06/2021,0,12.11419577825637
16/06/2021,0,0.9604836276599339
17/06/2021,0,0
18/06/2021,0,3.822674951383046
19/06/2021,0,6.794296099316506
20/06/2021,0,0.46254240685985204
21/06/2021,0,0.775918416
22/06/2021,0,0.020978433745247976
23/06/2021,0,18.960222845985776
24/06/2021,0,27.43552911849249
25/06/2021,0,5.2190397921062655
26/06/2021,0,0.8283546141215733
27/06/2021,0,4.468118182250431
28/06/2021,0,2.419939995521591
29/06/2021,0,2.993188511757624
30/06/2021,0,0.052361517
01/07/2021,0,6.0850967310723805
02/07/2021,0,9.833916658446903
03/07/2021,0,9.846579432487488
04/07/2021,0,0.4010087702245939
05/07/2021,0,3.4583604761532376
06/07/2021,0,15.355711505526589
07/07/2021,0,1.531958026900178
08/07/2021,0,25.339179402305966
09/07/2021,0,1.5907991776863735
10/07/2021,0,0.47529439486208414
11/07/2021,0,9.816754426274981
12/07/2021,0,7.833706645738511
13/07/2021,0,12.20493479569753
14/07/2021,0,9.574284864323479
15/07/2021,0,4.337290533951351
16/07/2021,0,2.684669324329921
17/07/2021,0,0.063132865
18/07/2021,0,0
19/07/2021,0,5.050205693358467
20/07/2021,0,6.161979086342312
21/07/2021,0,16.705262081963674
22/07/2021,0,6.779407433101109
23/07/2021,0,11.39944637
24/07/2021,0,4.728958606010392
25/07/2021,0,8.913235284033275
26/07/2021,0,6.8375702777079175
27/07/2021,0,11.50963314374288
28/07/2021,0,8.452522743315924
29/07/2021,0,24.570975894019718
30/07/2021,0,6.698428687595186
31/07/2021,0,13.06255510875157
01/08/2021,0,3.6196926158098948
02/08/2021,0,3.006106519
03/08/2021,0,7.194771176292782
04/08/2021,0,1.0595735158948671
05/08/2021,0,9.64008287
06/08/2021,0,2.5671925260907127
07/08/2021,0,2.4336954770343646
08/08/2021,0,0.8265789144095921
09/08/2021,0,0.5061315276793071
10/08/2021,0,1.6890875604890643
11/08/2021,0,14.233616329374767
12/08/2021,0,1.2981547720375515
13/08/2021,0,0.9984864124229976
14/08/2021,0,7.495195935879435
15/08/2021,0,5.194838209521203
16/08/2021,0,8.549775793438865
17/08/2021,0,37.77877648671468
18/08/2021,0,10.506420044671922
19/08/2021,0,17.226345357440767
20/08/2021,0,9.379017649661927
21/08/2021,0,4.283162075848806
22/08/2021,0,13.99447176569984
23/08/2021,0,4.095676416442508
24/08/2021,0,0
25/08/2021,0,1.4852495161550385
26/08/2021,0,2.8032731037764322
27/08/2021,0,0.2539779721271424
28/08/2021,0,6.684980254
29/08/2021,0,27.871416364397323
30/08/2021,0,13.170315657343183
31/08/2021,0,9.865133328097206
01/09/2021,0,5.330149874800727
02/09/2021,0,5.228071241861298
03/09/2021,0,9.595319202968053
04/09/2021,0,24.827710918017797
05/09/2021,0,6.6658073379879905
06/09/2021,0,13.165433043525333
07/09/2021,0,18.258959089006698
08/09/2021,0,12.398554960886637
09/09/2021,0,0
10/09/2021,0,8.234018175374894
11/09/2021,0,22.542629406565712
12/09/2021,0,27.707372824350994
13/09/2021,0,15.222676572345552
14/09/2021,0,34.274099327269056
15/09/2021,0,41.71254335130964
16/09/2021,0,16.806378591628302
17/09/2021,0,3.865952784106845
18/09/2021,0,4.031854749080681
19/09/2021,0,4.642646511395772
20/09/2021,0,1.1616323412883849
21/09/2021,0,14.135118370964413
22/09/2021,0,1.8059039413928986
23/09/2021,0,2.086554263319288
24/09/2021,0,10.112474089577084
25/09/2021,0,7.921512535640171
26/09/2021,0,8.324106036197572
27/09/2021,0,6.773889008
28/09/2021,0,3.279703355970837
29/09/2021,0,1.7308910992883502
30/09/2021,0,0.1856706915866761
01/10/2021,0,1.434020601567768
02/10/2021,0,12.051976340157646
03/10/2021,0,0.8178375143380392
04/10/2021,0,0.016826159897304717
05/10/2021,0,1.3513119117844672
06/10/2021,0,4.969337014215333
07/10/2021,0,0.8023725868690581
08/10/2021,0,0
09/10/2021,0,0.077333027
10/10/2021,0,1.8101414030506497
11/10/2021,0,0
12/10/2021,0,0
13/10/2021,0,0
14/10/2021,0,0
15/10/2021,0,0
16/10/2021,0,6.048315502
17/10/2021,0,1.4127699746972038
18/10/2021,0,1.1148706873257954
19/10/2021,0,0.3792529006799062
20/10/2021,0,0
21/10/2021,0,0
22/10/2021,0,0
23/10/2021,0,0
24/10/2021,0,0
25/10/2021,0,0
26/10/2021,0,0
27/10/2021,0,0
28/10/2021,0,0
29/10/2021,0,0
30/10/2021,0,0
31/10/2021,0,0
01/11/2021,0,0
02/11/2021,0,0
03/11/2021,0,0.37485140845889137
04/11/2021,0,0
05/11/2021,0,0
06/11/2021,0,0
07/11/2021,0,0
08/11/2021,0,0
09/11/2021,0,0
10/11/2021,0,0
11/11/2021,0,0
12/11/2021,0,0
13/11/2021,0,0.049822812
14/11/2021,0,19.751628938175383
15/11/2021,0,4.556718406223116
16/11/2021,0,0.8167064729191008
17/11/2021,0,0.21193949949173702
18/11/2021,0,0.079788989
19/11/2021,0,0
20/11/2021,0,0
21/11/2021,0,0.2443537740480332
22/11/2021,0,0.5587323031255177
23/11/2021,0,2.361557881037394
24/11/2021,0,1.6626280908073698
25/11/2021,0,0
26/11/2021,0,0
27/11/2021,0,0
28/11/2021,0,0
29/11/2021,0,0
30/11/2021,0,0
01/12/2021,0,0
02/12/2021,0,0
03/12/2021,0,0
04/12/2021,0,0
05/12/2021,0,0
06/12/2021,0,0
07/12/2021,0,0
08/12/2021,0,0
09/12/2021,0,0
10/12/2021,0,0
11/12/2021,0,0
12/12/2021,0,0
13/12/2021,0,0
14/12/2021,0,0
15/12/2021,0,0
16/12/2021,0,0
17/12/2021,0,0
18/12/2021,0,0
19/12/2021,0,0
20/12/2021,0,0
21/12/2021,0,0
22/12/2021,0,0
23/12/2021,0,0
24/12/2021,0,0
25/12/2021,0,0
26/12/2021,0,0
27/12/2021,0,0
28/12/2021,0,0
29/12/2021,0,9.572044067
30/12/2021,0,7.073050784213202
31/12/2021,0,0.16747422303472245
01/01/2022,0,0
02/01/2022,0,0
03/01/2022,0,0
04/01/2022,0,0
05/01/2022,0,0
06/01/2022,0,0
07/01/2022,0,0
08/01/2022,0,0
09/01/2022,0,0
10/01/2022,0,9.568161351340157
11/01/2022,0,13.59576146588439
12/01/2022,0,40.99155934651693
13/01/2022,0,9.000286570617131
14/01/2022,0,11.313101393835884
15/01/2022,0,6.885470632995878
16/01/2022,0,0
17/01/2022,0,0
18/01/2022,0,0
19/01/2022,0,0
20/01/2022,0,0
21/01/2022,0,0
22/01/2022,0,0
23/01/2022,0,0.23972331342243014
24/01/2022,0,0
25/01/2022,0,0
26/01/2022,0,0
27/01/2022,0,0
28/01/2022,0,0
29/01/2022,0,0
30/01/2022,0,0
31/01/2022,0,0
01/02/2022,0,0
02/02/2022,0,0
03/02/2022,0,0
04/02/2022,0,0
05/02/2022,0,0
06/02/2022,0,0
07/02/2022,0,0
08/02/2022,0,0
09/02/2022,0,0
10/02/2022,0,0.1823898752530416
11/02/2022,0,0
12/02/2022,0,0
13/02/2022,0,0
14/02/2022,0,0
15/02/2022,0,0
16/02/2022,0,0
17/02/2022,0,0.17134598536150797
18/02/2022,0,0.11815407269057773
19/02/2022,0,0
20/02/2022,0,0
21/02/2022,0,0
22/02/2022,0,0
23/02/2022,0,0
24/02/2022,0,0
25/02/2022,0,0
26/02/2022,0,0
27/02/2022,0,0
28/02/2022,0,0
01/03/2022,0,0
02/03/2022,0,0
03/03/2022,0,0
04/03/2022,0,0
05/03/2022,0,0
06/03/2022,0,0
07/03/2022,0,0
08/03/2022,0,0
09/03/2022,0,0
10/03/2022,0,0
11/03/2022,0,0
12/03/2022,0,0
13/03/2022,0,0
14/03/2022,0,0
15/03/2022,0,0
16/03/2022,0,0
17/03/2022,0,0
18/03/2022,0,0
19/03/2022,0,0
20/03/2022,0,0
21/03/2022,0,0.5734430622486841
22/03/2022,0,0
23/03/2022,0,0
24/03/2022,0,0
25/03/2022,0,0
26/03/2022,0,0
27/03/2022,0,0
28/03/2022,0,0
29/03/2022,0,0
30/03/2022,0,0
31/03/2022,0,0
01/04/2022,0,0
02/04/2022,0,0
03/04/2022,0,0
04/04/2022,0,0
05/04/2022,0,0
06/04/2022,0,0
07/04/2022,0,1.6246668256464458
08/04/2022,0,0
09/04/2022,0,0.48401557618663427
10/04/2022,0,0
11/04/2022,0,0
12/04/2022,0,0
13/04/2022,0,0
14/04/2022,0,0
15/04/2022,0,0
16/04/2022,0,0
17/04/2022,0,0
18/04/2022,0,0
19/04/2022,0,0
20/04/2022,0,0
21/04/2022,0,0
22/04/2022,0,8.822538866173653
23/04/2022,0,1.4381394783655803
24/04/2022,0,0.7506777289367857
25/04/2022,0,0
26/04/2022,0,0
27/04/2022,0,1.761720890090579
28/04/2022,0,0
29/04/2022,0,1.150511628815106
30/04/2022,0,0
01/05/2022,0,0
02/05/2022,0,0
03/05/2022,0,0.020855366
04/05/2022,0,0.3170238137245178
05/05/2022,0,0
06/05/2022,0,0
07/05/2022,0,0.4110854310648782
08/05/2022,0,0.5361984145073664
09/05/2022,0,0
10/05/2022,0,0
11/05/2022,0,0
12/05/2022,0,0
13/05/2022,0,0
14/05/2022,0,0
15/05/2022,0,0
16/05/2022,0,3.2359644983495985
17/05/2022,0,0
18/05/2022,0,0.17134598536150797
19/05/2022,0,5.297415626545747
20/05/2022,0,0
21/05/2022,0,0
22/05/2022,0,0
23/05/2022,0,0
24/05/2022,0,0
25/05/2022,0,3.727615095320202
26/05/2022,0,0
27/05/2022,0,4.070553129627591
28/05/2022,0,0
29/05/2022,0,0
30/05/2022,0,0
31/05/2022,0,2.614527952812967
01/06/2022,0,0
02/06/2022,0,0
03/06/2022,0,0
04/06/2022,0,0
05/06/2022,0,0
06/06/2022,0,0
07/06/2022,0,0
08/06/2022,0,0
09/06/2022,0,0
10/06/2022,0,0
11/06/2022,0,0.190330847
12/06/2022,0,3.5976580750374567
13/06/2022,0,0.5524126007443383
14/06/2022,0,2.379477219922202
15/06/2022,0,0.6828900426626205
16/06/2022,0,12.212517863228207
17/06/2022,0,0.048605082
18/06/2022,0,4.294988974219277
19/06/2022,0,1.050168141
20/06/2022,0,2.383121956317198
21/06/2022,0,29.273143722897483
22/06/2022,0,0.8977005283037821
23/06/2022,0,6.251217989694505
24/06/2022,0,16.899783747536794
25/06/2022,0,11.764914149329776
26/06/2022,0,8.054471448
27/06/2022,0,6.474667551971617
28/06/2022,0,10.730303718930198
29/06/2022,0,4.015163360961846
30/06/2022,0,16.610218865530832
01/07/2022,0,13.521412554241362
02/07/2022,0,0.6991595693287396
03/07/2022,0,5.103699175374849
04/07/2022,0,4.9916478508994695
05/07/2022,0,21.20945872579302
06/07/2022,0,3.899805498974664
07/07/2022,0,20.538717633201962
08/07/2022,0,2.8700451779933203
09/07/2022,0,46.04198374067034
10/07/2022,0,31.30141884940011
11/07/2022,0,39.395054499308266
12/07/2022,0,62.13099034627279
13/07/2022,0,88.87606339227585
14/07/2022,0,8.248246954
15/07/2022,0,18.406885623931885
16/07/2022,0,9.639024434
17/07/2022,0,16.495862149056933
18/07/2022,0,57.545815876552034
19/07/2022,0,5.522946735223134
20/07/2022,0,0.7412157459628015
21/07/2022,0,1.3984679508776892
22/07/2022,0,10.158077319463095
23/07/2022,0,22.07724721091134
24/07/2022,0,15.721750622703915
25/07/2022,0,17.350083146776473
26/07/2022,0,4.202719665708996
27/07/2022,0,8.457705429622106
28/07/2022,0,3.5346200437772843
29/07/2022,0,3.509722808996836
30/07/2022,0,23.27740352494376
31/07/2022,0,0.4885529471295221
01/08/2022,0,0.30448684096336365
02/08/2022,0,9.515593798387618
03/08/2022,0,5.019096502945537
04/08/2022,0,8.206897542590188
05/08/2022,0,8.531891022409711
06/08/2022,0,6.919715448504403
07/08/2022,0,7.475242069434552
08/08/2022,0,40.08427102225168
09/08/2022,0,33.45495369320824
10/08/2022,0,55.236927759079705
11/08/2022,0,12.815036228724889
12/08/2022,0,0.6677455831141699
13/08/2022,0,0.7966993483049529
14/08/2022,0,26.11712074279785
15/08/2022,0,141.98243858700707
16/08/2022,0,28.876589252835227
17/08/2022,0,0
18/08/2022,0,0.19551288442952292
19/08/2022,0,0.26695455397878376
20/08/2022,0,14.46870019
21/08/2022,0,6.650474497250149
22/08/2022,0,3.4068044807229723
23/08/2022,0,4.558709776827267
24/08/2022,0,0.38045676620233626
25/08/2022,0,18.620922667639597
26/08/2022,0,4.9653968044689725
27/08/2022,0,0.023089870100929624
28/08/2022,0,0.067321957
29/08/2022,0,26.68007214864095
30/08/2022,0,12.91624013015202
31/08/2022,0,9.495061264
01/09/2022,0,3.450849930445353
02/09/2022,0,3.7906859800929116
03/09/2022,0,0
04/09/2022,0,20.331263629453524
05/09/2022,0,3.8098155160744986
06/09/2022,0,0.11154530729566302
07/09/2022,0,0.22295365872837247
08/09/2022,0,11.371027026857648
09/09/2022,0,2.5179369896650314
10/09/2022,0,1.285283176671891
11/09/2022,0,12.884220804486956
12/09/2022,0,51.525848388671875
13/09/2022,0,6.360522987587111
14/09/2022,0,0.42871240916706266
15/09/2022,0,0
16/09/2022,0,0
17/09/2022,0,0.16803857684135437
18/09/2022,0,0.16825302938620249
19/09/2022,0,24.607288264092944
20/09/2022,0,13.929748398917061
21/09/2022,0,9.150724723225547
22/09/2022,0,2.970216888
23/09/2022,0,3.9735871755651067
24/09/2022,0,0.4499082827851886
25/09/2022,0,0.016957281600861324
26/09/2022,0,0.6235799622677621
27/09/2022,0,8.109464313302722
28/09/2022,0,9.656053247905913
29/09/2022,0,4.105187592052278
30/09/2022,0,4.457895500319345
01/10/2022,0,0.49503954748312634
02/10/2022,0,0
03/10/2022,0,0
04/10/2022,0,2.188372517270701
05/10/2022,0,0.16218567746026175
06/10/2022,0,1.176329669498262
07/10/2022,0,8.518063560128212
08/10/2022,0,5.0032199167069935
09/10/2022,0,5.190770876904328
10/10/2022,0,2.373573755934125
11/10/2022,0,26.661520333517167
12/10/2022,0,4.240654311009815
13/10/2022,0,7.1862857682364325
14/10/2022,0,0.7899529671385175
15/10/2022,0,2.296039246377491
16/10/2022,0,0.9038415224779219
17/10/2022,0,0.078760068
18/10/2022,0,5.228579822040739
19/10/2022,0,0.9195831950221743
20/10/2022,0,0.15421138065201895
21/10/2022,0,0.018880588667733327
22/10/2022,0,0
23/10/2022,0,0
24/10/2022,0,0
25/10/2022,0,0
26/10/2022,0,0
27/10/2022,0,0
28/10/2022,0,0
29/10/2022,0,0
30/10/2022,0,0
31/10/2022,0,0
01/11/2022,0,0
02/11/2022,0,0
03/11/2022,0,0
04/11/2022,0,0
05/11/2022,0,0
06/11/2022,0,0
07/11/2022,0,0
08/11/2022,0,0
09/11/2022,0,0
10/11/2022,0,0
11/11/2022,0,0
12/11/2022,0,0
13/11/2022,0,0
14/11/2022,0,0
15/11/2022,0,0
16/11/2022,0,0
17/11/2022,0,0
18/11/2022,0,0
19/11/2022,0,0
20/11/2022,0,0
21/11/2022,0,0
22/11/2022,0,0
23/11/2022,0,0
24/11/2022,0,0
25/11/2022,0,0
26/11/2022,0,0
27/11/2022,0,0
28/11/2022,0,0
29/11/2022,0,0
30/11/2022,0,0
01/12/2022,0,0
02/12/2022,0,0
03/12/2022,0,0
04/12/2022,0,0
05/12/2022,0,0
06/12/2022,0,0
07/12/2022,0,0
08/12/2022,0,0
09/12/2022,0,0
10/12/2022,0,0
11/12/2022,0,0
12/12/2022,0,0.15421138065201895
13/12/2022,0,7.067646256514958
14/12/2022,0,0.7629918725717635
15/12/2022,0,0.19888601487591154
16/12/2022,0,0.09055068
17/12/2022,0,0
18/12/2022,0,0
19/12/2022,0,0
20/12/2022,0,0
21/12/2022,0,0
22/12/2022,0,0
23/12/2022,0,0
24/12/2022,0,0
25/12/2022,0,0
26/12/2022,0,0
27/12/2022,0,0
28/12/2022,0,0
29/12/2022,0,0
30/12/2022,0,0
31/12/2022,0,0
01/01/2023,0,0
02/01/2023,0,0
03/01/2023,0,0
04/01/2023,0,0
05/01/2023,0,0.13698558972655087
06/01/2023,0,0
07/01/2023,0,0
08/01/2023,0,0
09/01/2023,0,0
10/01/2023,0,0
11/01/2023,0,0
12/01/2023,0,0
13/01/2023,0,0
14/01/2023,0,0
15/01/2023,0,0
16/01/2023,0,0
17/01/2023,0,0
18/01/2023,0,0
19/01/2023,0,0
20/01/2023,0,0
21/01/2023,0,0
22/01/2023,0,0
23/01/2023,0,0
24/01/2023,0,0
25/01/2023,0,0
26/01/2023,0,0
27/01/2023,0,0
28/01/2023,0,0
29/01/2023,0,0
30/01/2023,0,0
31/01/2023,0,0
01/02/2023,0,0
02/02/2023,0,0
03/02/2023,0,0
04/02/2023,0,0
05/02/2023,0,0
06/02/2023,0,0
07/02/2023,0,0
08/02/2023,0,0
09/02/2023,0,0
10/02/2023,0,0
11/02/2023,0,0
12/02/2023,0,0
13/02/2023,0,0
14/02/2023,0,0
15/02/2023,0,0
16/02/2023,0,0
17/02/2023,0,0
18/02/2023,0,0
19/02/2023,0,0
20/02/2023,0,0
21/02/2023,0,0
22/02/2023,0,0
23/02/2023,0,0
24/02/2023,0,0
25/02/2023,0,0
26/02/2023,0,0
27/02/2023,0,0
28/02/2023,0,0
01/03/2023,0,0
02/03/2023,0,0
03/03/2023,0,0
04/03/2023,0,0
05/03/2023,0,0
06/03/2023,0,0
07/03/2023,0,0
08/03/2023,0,0
09/03/2023,0,0
10/03/2023,0,0
11/03/2023,0,0
12/03/2023,0,0
13/03/2023,0,0
14/03/2023,0,0
15/03/2023,0,0
16/03/2023,0,0
17/03/2023,0,0.061795859
18/03/2023,0,0.008965903
19/03/2023,0,23.18775166784014
20/03/2023,0,6.645051621255421
21/03/2023,0,1.0855207583379178
22/03/2023,0,3.1694821197362173
23/03/2023,0,1.7489762486269076
24/03/2023,0,0.3198672178245726
25/03/2023,0,0.004487137
26/03/2023,0,0.5501129691089902
27/03/2023,0,0.517092865
28/03/2023,0,0
29/03/2023,0,0
30/03/2023,0,0
31/03/2023,0,0.1745316485563914
01/04/2023,0,3.7282801398209164
02/04/2023,0,0.311774228
03/04/2023,0,0
04/04/2023,0,0
05/04/2023,0,0.029155927
06/04/2023,0,0.034124767
07/04/2023,0,1.802105460848127
08/04/2023,0,0.016591013897032963
09/04/2023,0,0.19734222761222295
10/04/2023,0,0
11/04/2023,0,0
12/04/2023,0,0
13/04/2023,0,0
14/04/2023,0,0.5840531105086917
15/04/2023,0,0
16/04/2023,0,0
17/04/2023,0,0
18/04/2023,0,0
19/04/2023,0,0
20/04/2023,0,0.02571104
21/04/2023,0,3.602879067971593
22/04/2023,0,1.1805632995175463
23/04/2023,0,13.854030427478609
24/04/2023,0,2.340104233
25/04/2023,0,3.4605643937275525
26/04/2023,0,3.339598210794585
27/04/2023,0,0.008068365
28/04/2023,0,4.092173581
29/04/2023,0,0.5625394412892915
30/04/2023,0,4.179024007348787
01/05/2023,0,10.972994270778837
02/05/2023,0,1.7411159133272511
03/05/2023,0,6.531997538038662
04/05/2023,0,0.36278093020830837
05/05/2023,0,0
06/05/2023,0,1.8739167905989147
07/05/2023,0,0
08/05/2023,0,0.36996010407095864
09/05/2023,0,0.030033517
10/05/2023,0,1.3757597860835848
11/05/2023,0,0
12/05/2023,0,0
13/05/2023,0,0
14/05/2023,0,0
15/05/2023,0,0
16/05/2023,0,0
17/05/2023,0,0
18/05/2023,0,0
19/05/2023,0,0.14546471922880128
20/05/2023,0,2.876495879941753
21/05/2023,0,1.5138873656590779
22/05/2023,0,14.961622805822463
23/05/2023,0,6.035844825562977
24/05/2023,0,0.075360673
25/05/2023,0,0.023378423814262663
26/05/2023,0,0
27/05/2023,0,0
28/05/2023,0,0.730022921
29/05/2023,0,0.002022698
30/05/2023,0,0.14565060150233053
31/05/2023,0,0
01/06/2023,0,0
02/06/2023,0,0
03/06/2023,0,0
04/06/2023,0,0.009427388
05/06/2023,0,0
06/06/2023,0,0.5416717814569849
07/06/2023,0,0
08/06/2023,0,0
09/06/2023,0,0
10/06/2023,0,0
11/06/2023,0,0.035724431
12/06/2023,0,0.005656433
13/06/2023,0,0.4147518693159024
14/06/2023,0,0.043239538
15/06/2023,0,0.036995241
16/06/2023,0,0
17/06/2023,0,0
18/06/2023,0,0
19/06/2023,0,0.7264494168616477
20/06/2023,0,0
21/06/2023,0,3.5265208639736687
22/06/2023,0,7.059142222007115
23/06/2023,0,23.59389659336635
24/06/2023,0,6.507523372059777
25/06/2023,0,0.5584682419541336
26/06/2023,0,5.861132798450334
27/06/2023,0,55.18663697015671
28/06/2023,0,35.781853653135755
29/06/2023,0,2.707376498374201
30/06/2023,0,0.052809846
01/07/2023,0,0.04780624
02/07/2023,0,0
03/07/2023,0,0
04/07/2023,0,1.1878512824575107
05/07/2023,0,5.2423517141668565
06/07/2023,0,10.024273946171714
07/07/2023,0,38.20954745156424
08/07/2023,0,12.867193517230806
09/07/2023,0,14.083199458462852
10/07/2023,0,0.1800232415220567
11/07/2023,0,19.518341890669294
12/07/2023,0,6.017224578098173
13/07/2023,0,0.2830469313831556
14/07/2023,0,0.21482158438967808
15/07/2023,0,2.2263199356162833
16/07/2023,0,27.28033423423767
17/07/2023,0,27.16008408864339
18/07/2023,0,35.145654292333695
19/07/2023,0,32.40526335580008
20/07/2023,0,20.856743449256534
21/07/2023,0,24.332977749052503
22/07/2023,0,35.17565482003348
23/07/2023,0,12.21320922317959
24/07/2023,0,6.357103945953505
25/07/2023,0,7.792763337847733
26/07/2023,0,2.7304706702984514
27/07/2023,0,14.18700977734157
28/07/2023,0,27.362332309995377
29/07/2023,0,7.162867625554402
30/07/2023,0,5.543422223
31/07/2023,0,1.4410397772278105
01/08/2023,0,2.2527001086467258
02/08/2023,0,12.920212206386385
03/08/2023,0,35.15065266
04/08/2023,0,15.678115935552688
05/08/2023,0,3.3543423616460393
06/08/2023,0,3.357216366078882
07/08/2023,0,4.035122353494877
08/08/2023,0,1.0908425811323381
09/08/2023,0,0.1728264849100794
10/08/2023,0,0.076616973
11/08/2023,0,0
12/08/2023,0,0
13/08/2023,0,0.010564832460312616
14/08/2023,0,0
15/08/2023,0,0.12427708883548066
16/08/2023,0,2.4025419755350974
17/08/2023,0,1.938102721547087
18/08/2023,0,28.335879598345077
19/08/2023,0,46.69461313883463
20/08/2023,0,8.483577333745503
21/08/2023,0,0.7691274832024992
22/08/2023,0,0.040113735
23/08/2023,0,2.0426410209564936
24/08/2023,0,3.1686341890266965
25/08/2023,0,10.285633495875768
26/08/2023,0,2.0110215399236906
27/08/2023,0,3.4296155926727114
28/08/2023,0,1.936148379175436
29/08/2023,0,0.45462244669241564
30/08/2023,0,0.39688651396759916
31/08/2023,0,2.8058684172020074
01/09/2023,0,0.2949467446388943
02/09/2023,0,0
03/09/2023,0,20.993483810197738
04/09/2023,0,22.56816441672189
05/09/2023,0,6.533626148
06/09/2023,0,21.609963082131884
07/09/2023,0,25.315001669384184
08/09/2023,0,19.371575060344878
09/09/2023,0,3.4372627508072626
10/09/2023,0,1.5743785273461115
11/09/2023,0,8.803809905158621
12/09/2023,0,4.20086267
13/09/2023,0,34.73578414462862
14/09/2023,0,23.30440378189087
15/09/2023,0,35.31863934653146
16/09/2023,0,9.983213071312223
17/09/2023,0,0.10748877850849003
18/09/2023,0,0
19/09/2023,0,0.6437131773148265
20/09/2023,0,2.319979925484707
21/09/2023,0,22.375881785438175
22/09/2023,0,14.334279628027053
23/09/2023,0,4.733979253187066
24/09/2023,0,5.077953285493312
25/09/2023,0,7.054919359584649
26/09/2023,0,7.425598815793083
27/09/2023,0,6.58311654
28/09/2023,0,2.606231270446664
29/09/2023,0,4.441341477490607
30/09/2023,0,26.84101068405878
01/10/2023,0,0.5382111018434876
02/10/2023,0,2.105572288833736
03/10/2023,0,1.74556461
04/10/2023,0,1.2116626835916013
05/10/2023,0,0
06/10/2023,0,0
07/10/2023,0,0
08/10/2023,0,0
09/10/2023,0,0
10/10/2023,0,0
11/10/2023,0,0
12/10/2023,0,0
13/10/2023,0,0
14/10/2023,0,0
15/10/2023,0,0
16/10/2023,0,0
17/10/2023,0,0
18/10/2023,0,0
19/10/2023,0,0
20/10/2023,0,0
21/10/2023,0,0
22/10/2023,0,0
23/10/2023,0,0
24/10/2023,0,0
25/10/2023,0,0
26/10/2023,0,0
27/10/2023,0,0
28/10/2023,0,0
29/10/2023,0,0
30/10/2023,0,0
31/10/2023,0,0
01/11/2023,0,0
02/11/2023,0,0
03/11/2023,0,0
04/11/2023,0,0.15018284346331798
05/11/2023,0,0
06/11/2023,0,3.1755630799702237
07/11/2023,0,0
08/11/2023,0,0
09/11/2023,0,0
10/11/2023,0,0
11/11/2023,0,0
12/11/2023,0,0
13/11/2023,0,0
14/11/2023,0,0
15/11/2023,0,0
16/11/2023,0,0
17/11/2023,0,0
18/11/2023,0,0
19/11/2023,0,0
20/11/2023,0,0
21/11/2023,0,0
22/11/2023,0,0
23/11/2023,0,0
24/11/2023,0,0
25/11/2023,0,0
26/11/2023,0,0
27/11/2023,0,0
28/11/2023,0,0
29/11/2023,0,0.019579402038029263
30/11/2023,0,0.6094937808811665
01/12/2023,0,0
02/12/2023,0,0
03/12/2023,0,0
04/12/2023,0,0
05/12/2023,0,0.00884854
06/12/2023,0,6.030949839080374
07/12/2023,0,14.053941222883406
08/12/2023,0,0.11412127257236057
09/12/2023,0,0
10/12/2023,0,0
11/12/2023,0,0
12/12/2023,0,0
13/12/2023,0,0
14/12/2023,0,0
15/12/2023,0,0
16/12/2023,0,0
17/12/2023,0,0
18/12/2023,0,0
19/12/2023,0,0
20/12/2023,0,0
21/12/2023,0,0
22/12/2023,0,0
23/12/2023,0,0
24/12/2023,0,0
25/12/2023,0,0
26/12/2023,0,0
27/12/2023,0,0
28/12/2023,0,0
29/12/2023,0,0
30/12/2023,0,0
31/12/2023,0,0
